2026-02-17T14:10:01.731Z  INFO 27892 --- [tp_spring_boot] [main] c.g.t.TpSpringBootApplication            : Starting TpSpringBootApplication using Java 17.0.17 with PID 27892 (C:\Users\User\IdeaProjects\tp_spring_boot\target\classes started by User in C:\Users\User\IdeaProjects\tp_spring_boot)
2026-02-17T14:10:01.740Z  INFO 27892 --- [tp_spring_boot] [main] c.g.t.TpSpringBootApplication            : No active profile set, falling back to 1 default profile: "default"
2026-02-17T14:10:01.884Z  WARN 27892 --- [tp_spring_boot] [main] ConfigServletWebServerApplicationContext : Exception encountered during context initialization - cancelling refresh attempt: java.lang.TypeNotPresentException: Type org.springframework.boot.type.classreading.ConcurrentReferenceCachingMetadataReaderFactory not present
2026-02-17T14:10:02.136Z ERROR 27892 --- [tp_spring_boot] [main] o.s.boot.SpringApplication               : Application run failed

java.lang.TypeNotPresentException: Type org.springframework.boot.type.classreading.ConcurrentReferenceCachingMetadataReaderFactory not present
	at java.base/sun.reflect.generics.factory.CoreReflectionFactory.makeNamedType(CoreReflectionFactory.java:117) ~[na:na]
	at java.base/sun.reflect.generics.visitor.Reifier.visitClassTypeSignature(Reifier.java:125) ~[na:na]
	at java.base/sun.reflect.generics.tree.ClassTypeSignature.accept(ClassTypeSignature.java:49) ~[na:na]
	at java.base/sun.reflect.generics.visitor.Reifier.reifyTypeArguments(Reifier.java:68) ~[na:na]
	at java.base/sun.reflect.generics.visitor.Reifier.visitClassTypeSignature(Reifier.java:138) ~[na:na]
	at java.base/sun.reflect.generics.tree.ClassTypeSignature.accept(ClassTypeSignature.java:49) ~[na:na]
	at java.base/sun.reflect.generics.repository.ClassRepository.computeSuperInterfaces(ClassRepository.java:117) ~[na:na]
	at java.base/sun.reflect.generics.repository.ClassRepository.getSuperInterfaces(ClassRepository.java:95) ~[na:na]
	at java.base/java.lang.Class.getGenericInterfaces(Class.java:1213) ~[na:na]
	at org.springframework.core.ResolvableType.getInterfaces(ResolvableType.java:544) ~[spring-core-7.0.3.jar:7.0.3]
	at org.springframework.core.ResolvableType.as(ResolvableType.java:492) ~[spring-core-7.0.3.jar:7.0.3]
	at org.springframework.beans.factory.support.FactoryBeanRegistrySupport.getFactoryBeanGeneric(FactoryBeanRegistrySupport.java:96) ~[spring-beans-7.0.3.jar:7.0.3]
	at org.springframework.beans.factory.support.AbstractAutowireCapableBeanFactory.getTypeForFactoryBean(AbstractAutowireCapableBeanFactory.java:862) ~[spring-beans-7.0.3.jar:7.0.3]
	at org.springframework.beans.factory.support.AbstractBeanFactory.isTypeMatch(AbstractBeanFactory.java:662) ~[spring-beans-7.0.3.jar:7.0.3]
	at org.springframework.beans.factory.support.DefaultListableBeanFactory.doGetBeanNamesForType(DefaultListableBeanFactory.java:644) ~[spring-beans-7.0.3.jar:7.0.3]
	at org.springframework.beans.factory.support.DefaultListableBeanFactory.getBeanNamesForType(DefaultListableBeanFactory.java:604) ~[spring-beans-7.0.3.jar:7.0.3]
	at org.springframework.context.support.PostProcessorRegistrationDelegate.invokeBeanFactoryPostProcessors(PostProcessorRegistrationDelegate.java:109) ~[spring-context-7.0.3.jar:7.0.3]
	at org.springframework.context.support.AbstractApplicationContext.invokeBeanFactoryPostProcessors(AbstractApplicationContext.java:794) ~[spring-context-7.0.3.jar:7.0.3]
	at org.springframework.context.support.AbstractApplicationContext.refresh(AbstractApplicationContext.java:602) ~[spring-context-7.0.3.jar:7.0.3]
	at org.springframework.boot.web.server.servlet.context.ServletWebServerApplicationContext.refresh(ServletWebServerApplicationContext.java:143) ~[spring-boot-web-server-4.0.2.jar:4.0.2]
	at org.springframework.boot.SpringApplication.refresh(SpringApplication.java:756) ~[spring-boot-4.0.2.jar:4.0.2]
	at org.springframework.boot.SpringApplication.refreshContext(SpringApplication.java:445) ~[spring-boot-4.0.2.jar:4.0.2]
	at org.springframework.boot.SpringApplication.run(SpringApplication.java:321) ~[spring-boot-4.0.2.jar:4.0.2]
	at org.springframework.boot.SpringApplication.run(SpringApplication.java:1365) ~[spring-boot-4.0.2.jar:4.0.2]
	at org.springframework.boot.SpringApplication.run(SpringApplication.java:1354) ~[spring-boot-4.0.2.jar:4.0.2]
	at com.groupeisi.tp_spring_boot.TpSpringBootApplication.main(TpSpringBootApplication.java:10) ~[classes/:na]
Caused by: java.lang.ClassNotFoundException: org.springframework.boot.type.classreading.ConcurrentReferenceCachingMetadataReaderFactory
	at java.base/jdk.internal.loader.BuiltinClassLoader.loadClass(BuiltinClassLoader.java:641) ~[na:na]
	at java.base/jdk.internal.loader.ClassLoaders$AppClassLoader.loadClass(ClassLoaders.java:188) ~[na:na]
	at java.base/java.lang.ClassLoader.loadClass(ClassLoader.java:525) ~[na:na]
	at java.base/java.lang.Class.forName0(Native Method) ~[na:na]
	at java.base/java.lang.Class.forName(Class.java:469) ~[na:na]
	at java.base/sun.reflect.generics.factory.CoreReflectionFactory.makeNamedType(CoreReflectionFactory.java:114) ~[na:na]
	... 25 common frames omitted

2026-02-17T15:00:24.118Z  INFO 40900 --- [tp_spring_boot] [main] c.g.t.TpSpringBootApplication            : Starting TpSpringBootApplication using Java 17.0.17 with PID 40900 (C:\Users\User\IdeaProjects\tp_spring_boot\target\classes started by User in C:\Users\User\IdeaProjects\tp_spring_boot)
2026-02-17T15:00:24.128Z  INFO 40900 --- [tp_spring_boot] [main] c.g.t.TpSpringBootApplication            : No active profile set, falling back to 1 default profile: "default"
2026-02-17T15:00:26.577Z  INFO 40900 --- [tp_spring_boot] [main] .s.d.r.c.RepositoryConfigurationDelegate : Multiple Spring Data modules found, entering strict repository configuration mode
2026-02-17T15:00:26.580Z  INFO 40900 --- [tp_spring_boot] [main] .s.d.r.c.RepositoryConfigurationDelegate : Bootstrapping Spring Data JPA repositories in DEFAULT mode.
2026-02-17T15:00:26.995Z  INFO 40900 --- [tp_spring_boot] [main] .s.d.r.c.RepositoryConfigurationDelegate : Finished Spring Data repository scanning in 391 ms. Found 3 JPA repository interfaces.
2026-02-17T15:00:27.125Z  INFO 40900 --- [tp_spring_boot] [main] .s.d.r.c.RepositoryConfigurationDelegate : Multiple Spring Data modules found, entering strict repository configuration mode
2026-02-17T15:00:27.127Z  INFO 40900 --- [tp_spring_boot] [main] .s.d.r.c.RepositoryConfigurationDelegate : Bootstrapping Spring Data Redis repositories in DEFAULT mode.
2026-02-17T15:00:27.170Z  INFO 40900 --- [tp_spring_boot] [main] .RepositoryConfigurationExtensionSupport : Spring Data Redis - Could not safely identify store assignment for repository candidate interface com.groupeisi.tp_spring_boot.dao.IAppRolesRepository; If you want this repository to be a Redis repository, consider annotating your entities with one of these annotations: org.springframework.data.redis.core.RedisHash (preferred), or consider extending one of the following types with your repository: org.springframework.data.keyvalue.repository.KeyValueRepository
2026-02-17T15:00:27.171Z  INFO 40900 --- [tp_spring_boot] [main] .RepositoryConfigurationExtensionSupport : Spring Data Redis - Could not safely identify store assignment for repository candidate interface com.groupeisi.tp_spring_boot.dao.IAppUserRepository; If you want this repository to be a Redis repository, consider annotating your entities with one of these annotations: org.springframework.data.redis.core.RedisHash (preferred), or consider extending one of the following types with your repository: org.springframework.data.keyvalue.repository.KeyValueRepository
2026-02-17T15:00:27.172Z  INFO 40900 --- [tp_spring_boot] [main] .RepositoryConfigurationExtensionSupport : Spring Data Redis - Could not safely identify store assignment for repository candidate interface com.groupeisi.tp_spring_boot.dao.IProduitRepository; If you want this repository to be a Redis repository, consider annotating your entities with one of these annotations: org.springframework.data.redis.core.RedisHash (preferred), or consider extending one of the following types with your repository: org.springframework.data.keyvalue.repository.KeyValueRepository
2026-02-17T15:00:27.173Z  INFO 40900 --- [tp_spring_boot] [main] .s.d.r.c.RepositoryConfigurationDelegate : Finished Spring Data repository scanning in 16 ms. Found 0 Redis repository interfaces.
2026-02-17T15:00:28.867Z  INFO 40900 --- [tp_spring_boot] [main] o.s.boot.tomcat.TomcatWebServer          : Tomcat initialized with port 8080 (http)
2026-02-17T15:00:28.900Z  INFO 40900 --- [tp_spring_boot] [main] o.apache.catalina.core.StandardService   : Starting service [Tomcat]
2026-02-17T15:00:28.901Z  INFO 40900 --- [tp_spring_boot] [main] o.apache.catalina.core.StandardEngine    : Starting Servlet engine: [Apache Tomcat/11.0.15]
2026-02-17T15:00:29.117Z  INFO 40900 --- [tp_spring_boot] [main] b.w.c.s.WebApplicationContextInitializer : Root WebApplicationContext: initialization completed in 4848 ms
2026-02-17T15:00:29.404Z DEBUG 40900 --- [tp_spring_boot] [main] o.s.w.f.ServerHttpObservationFilter      : Filter 'webMvcObservationFilter' configured for use
2026-02-17T15:00:30.245Z  INFO 40900 --- [tp_spring_boot] [main] com.zaxxer.hikari.HikariDataSource       : HikariPool-1 - Starting...
2026-02-17T15:00:32.525Z  WARN 40900 --- [tp_spring_boot] [main] ConfigServletWebServerApplicationContext : Exception encountered during context initialization - cancelling refresh attempt: org.springframework.beans.factory.BeanCreationException: Error creating bean with name 'entityManagerFactory' defined in class path resource [org/springframework/boot/hibernate/autoconfigure/HibernateJpaConfiguration.class]: Failed to initialize dependency 'flywayInitializer' of LoadTimeWeaverAware bean 'entityManagerFactory': Error creating bean with name 'flywayInitializer' defined in class path resource [org/springframework/boot/flyway/autoconfigure/FlywayAutoConfiguration$FlywayConfiguration.class]: Unable to obtain connection from database: Access denied for user 'user'@'%' to database 'adminapp-db'
------------------------------------------------------------------------------------------------------
SQL State  : 42000
Error Code : 1044
Message    : Access denied for user 'user'@'%' to database 'adminapp-db'

2026-02-17T15:00:32.540Z  INFO 40900 --- [tp_spring_boot] [main] o.apache.catalina.core.StandardService   : Stopping service [Tomcat]
2026-02-17T15:00:32.594Z  INFO 40900 --- [tp_spring_boot] [main] .s.b.a.l.ConditionEvaluationReportLogger : 

Error starting ApplicationContext. To display the condition evaluation report re-run your application with 'debug' enabled.
2026-02-17T15:00:32.671Z ERROR 40900 --- [tp_spring_boot] [main] o.s.boot.SpringApplication               : Application run failed

org.springframework.beans.factory.BeanCreationException: Error creating bean with name 'entityManagerFactory' defined in class path resource [org/springframework/boot/hibernate/autoconfigure/HibernateJpaConfiguration.class]: Failed to initialize dependency 'flywayInitializer' of LoadTimeWeaverAware bean 'entityManagerFactory': Error creating bean with name 'flywayInitializer' defined in class path resource [org/springframework/boot/flyway/autoconfigure/FlywayAutoConfiguration$FlywayConfiguration.class]: Unable to obtain connection from database: Access denied for user 'user'@'%' to database 'adminapp-db'
------------------------------------------------------------------------------------------------------
SQL State  : 42000
Error Code : 1044
Message    : Access denied for user 'user'@'%' to database 'adminapp-db'

	at org.springframework.beans.factory.support.AbstractBeanFactory.doGetBean(AbstractBeanFactory.java:322) ~[spring-beans-7.0.3.jar:7.0.3]
	at org.springframework.beans.factory.support.AbstractBeanFactory.getBean(AbstractBeanFactory.java:201) ~[spring-beans-7.0.3.jar:7.0.3]
	at org.springframework.context.support.AbstractApplicationContext.finishBeanFactoryInitialization(AbstractApplicationContext.java:976) ~[spring-context-7.0.3.jar:7.0.3]
	at org.springframework.context.support.AbstractApplicationContext.refresh(AbstractApplicationContext.java:620) ~[spring-context-7.0.3.jar:7.0.3]
	at org.springframework.boot.web.server.servlet.context.ServletWebServerApplicationContext.refresh(ServletWebServerApplicationContext.java:143) ~[spring-boot-web-server-4.0.2.jar:4.0.2]
	at org.springframework.boot.SpringApplication.refresh(SpringApplication.java:756) ~[spring-boot-4.0.2.jar:4.0.2]
	at org.springframework.boot.SpringApplication.refreshContext(SpringApplication.java:445) ~[spring-boot-4.0.2.jar:4.0.2]
	at org.springframework.boot.SpringApplication.run(SpringApplication.java:321) ~[spring-boot-4.0.2.jar:4.0.2]
	at org.springframework.boot.SpringApplication.run(SpringApplication.java:1365) ~[spring-boot-4.0.2.jar:4.0.2]
	at org.springframework.boot.SpringApplication.run(SpringApplication.java:1354) ~[spring-boot-4.0.2.jar:4.0.2]
	at com.groupeisi.tp_spring_boot.TpSpringBootApplication.main(TpSpringBootApplication.java:10) ~[classes/:na]
Caused by: org.springframework.beans.factory.BeanCreationException: Error creating bean with name 'flywayInitializer' defined in class path resource [org/springframework/boot/flyway/autoconfigure/FlywayAutoConfiguration$FlywayConfiguration.class]: Unable to obtain connection from database: Access denied for user 'user'@'%' to database 'adminapp-db'
------------------------------------------------------------------------------------------------------
SQL State  : 42000
Error Code : 1044
Message    : Access denied for user 'user'@'%' to database 'adminapp-db'

	at org.springframework.beans.factory.support.AbstractAutowireCapableBeanFactory.initializeBean(AbstractAutowireCapableBeanFactory.java:1817) ~[spring-beans-7.0.3.jar:7.0.3]
	at org.springframework.beans.factory.support.AbstractAutowireCapableBeanFactory.doCreateBean(AbstractAutowireCapableBeanFactory.java:603) ~[spring-beans-7.0.3.jar:7.0.3]
	at org.springframework.beans.factory.support.AbstractAutowireCapableBeanFactory.createBean(AbstractAutowireCapableBeanFactory.java:525) ~[spring-beans-7.0.3.jar:7.0.3]
	at org.springframework.beans.factory.support.AbstractBeanFactory.lambda$doGetBean$0(AbstractBeanFactory.java:333) ~[spring-beans-7.0.3.jar:7.0.3]
	at org.springframework.beans.factory.support.DefaultSingletonBeanRegistry.getSingleton(DefaultSingletonBeanRegistry.java:371) ~[spring-beans-7.0.3.jar:7.0.3]
	at org.springframework.beans.factory.support.AbstractBeanFactory.doGetBean(AbstractBeanFactory.java:331) ~[spring-beans-7.0.3.jar:7.0.3]
	at org.springframework.beans.factory.support.AbstractBeanFactory.getBean(AbstractBeanFactory.java:196) ~[spring-beans-7.0.3.jar:7.0.3]
	at org.springframework.beans.factory.support.AbstractBeanFactory.doGetBean(AbstractBeanFactory.java:309) ~[spring-beans-7.0.3.jar:7.0.3]
	... 10 common frames omitted
Caused by: org.flywaydb.core.internal.exception.sqlExceptions.FlywaySqlUnableToConnectToDbException: Unable to obtain connection from database: Access denied for user 'user'@'%' to database 'adminapp-db'
------------------------------------------------------------------------------------------------------
SQL State  : 42000
Error Code : 1044
Message    : Access denied for user 'user'@'%' to database 'adminapp-db'

	at org.flywaydb.core.internal.jdbc.JdbcUtils.openConnection(JdbcUtils.java:70) ~[flyway-core-11.14.1.jar:na]
	at org.flywaydb.core.internal.jdbc.JdbcConnectionFactory.<init>(JdbcConnectionFactory.java:76) ~[flyway-core-11.14.1.jar:na]
	at org.flywaydb.core.FlywayExecutor.execute(FlywayExecutor.java:142) ~[flyway-core-11.14.1.jar:na]
	at org.flywaydb.core.Flyway.migrate(Flyway.java:186) ~[flyway-core-11.14.1.jar:na]
	at org.springframework.boot.flyway.autoconfigure.FlywayMigrationInitializer.afterPropertiesSet(FlywayMigrationInitializer.java:67) ~[spring-boot-flyway-4.0.2.jar:4.0.2]
	at org.springframework.beans.factory.support.AbstractAutowireCapableBeanFactory.invokeInitMethods(AbstractAutowireCapableBeanFactory.java:1864) ~[spring-beans-7.0.3.jar:7.0.3]
	at org.springframework.beans.factory.support.AbstractAutowireCapableBeanFactory.initializeBean(AbstractAutowireCapableBeanFactory.java:1813) ~[spring-beans-7.0.3.jar:7.0.3]
	... 17 common frames omitted
Caused by: java.sql.SQLSyntaxErrorException: Access denied for user 'user'@'%' to database 'adminapp-db'
	at com.mysql.cj.jdbc.exceptions.SQLError.createSQLException(SQLError.java:112) ~[mysql-connector-j-9.5.0.jar:9.5.0]
	at com.mysql.cj.jdbc.exceptions.SQLExceptionsMapping.translateException(SQLExceptionsMapping.java:114) ~[mysql-connector-j-9.5.0.jar:9.5.0]
	at com.mysql.cj.jdbc.ConnectionImpl.createNewIO(ConnectionImpl.java:840) ~[mysql-connector-j-9.5.0.jar:9.5.0]
	at com.mysql.cj.jdbc.ConnectionImpl.<init>(ConnectionImpl.java:416) ~[mysql-connector-j-9.5.0.jar:9.5.0]
	at com.mysql.cj.jdbc.ConnectionImpl.getInstance(ConnectionImpl.java:237) ~[mysql-connector-j-9.5.0.jar:9.5.0]
	at com.mysql.cj.jdbc.NonRegisteringDriver.connect(NonRegisteringDriver.java:180) ~[mysql-connector-j-9.5.0.jar:9.5.0]
	at com.zaxxer.hikari.util.DriverDataSource.getConnection(DriverDataSource.java:144) ~[HikariCP-7.0.2.jar:na]
	at com.zaxxer.hikari.pool.PoolBase.newConnection(PoolBase.java:373) ~[HikariCP-7.0.2.jar:na]
	at com.zaxxer.hikari.pool.PoolBase.newPoolEntry(PoolBase.java:210) ~[HikariCP-7.0.2.jar:na]
	at com.zaxxer.hikari.pool.HikariPool.createPoolEntry(HikariPool.java:488) ~[HikariCP-7.0.2.jar:na]
	at com.zaxxer.hikari.pool.HikariPool.checkFailFast(HikariPool.java:576) ~[HikariCP-7.0.2.jar:na]
	at com.zaxxer.hikari.pool.HikariPool.<init>(HikariPool.java:97) ~[HikariCP-7.0.2.jar:na]
	at com.zaxxer.hikari.HikariDataSource.getConnection(HikariDataSource.java:111) ~[HikariCP-7.0.2.jar:na]
	at org.flywaydb.core.internal.jdbc.JdbcUtils.openConnection(JdbcUtils.java:65) ~[flyway-core-11.14.1.jar:na]
	... 23 common frames omitted

2026-02-17T15:02:28.662Z  INFO 40268 --- [tp_spring_boot] [main] c.g.t.TpSpringBootApplication            : Starting TpSpringBootApplication using Java 17.0.17 with PID 40268 (C:\Users\User\IdeaProjects\tp_spring_boot\target\classes started by User in C:\Users\User\IdeaProjects\tp_spring_boot)
2026-02-17T15:02:28.668Z  INFO 40268 --- [tp_spring_boot] [main] c.g.t.TpSpringBootApplication            : No active profile set, falling back to 1 default profile: "default"
2026-02-17T15:02:30.514Z  INFO 40268 --- [tp_spring_boot] [main] .s.d.r.c.RepositoryConfigurationDelegate : Multiple Spring Data modules found, entering strict repository configuration mode
2026-02-17T15:02:30.518Z  INFO 40268 --- [tp_spring_boot] [main] .s.d.r.c.RepositoryConfigurationDelegate : Bootstrapping Spring Data JPA repositories in DEFAULT mode.
2026-02-17T15:02:31.088Z  INFO 40268 --- [tp_spring_boot] [main] .s.d.r.c.RepositoryConfigurationDelegate : Finished Spring Data repository scanning in 544 ms. Found 3 JPA repository interfaces.
2026-02-17T15:02:31.252Z  INFO 40268 --- [tp_spring_boot] [main] .s.d.r.c.RepositoryConfigurationDelegate : Multiple Spring Data modules found, entering strict repository configuration mode
2026-02-17T15:02:31.256Z  INFO 40268 --- [tp_spring_boot] [main] .s.d.r.c.RepositoryConfigurationDelegate : Bootstrapping Spring Data Redis repositories in DEFAULT mode.
2026-02-17T15:02:31.329Z  INFO 40268 --- [tp_spring_boot] [main] .RepositoryConfigurationExtensionSupport : Spring Data Redis - Could not safely identify store assignment for repository candidate interface com.groupeisi.tp_spring_boot.dao.IAppRolesRepository; If you want this repository to be a Redis repository, consider annotating your entities with one of these annotations: org.springframework.data.redis.core.RedisHash (preferred), or consider extending one of the following types with your repository: org.springframework.data.keyvalue.repository.KeyValueRepository
2026-02-17T15:02:31.330Z  INFO 40268 --- [tp_spring_boot] [main] .RepositoryConfigurationExtensionSupport : Spring Data Redis - Could not safely identify store assignment for repository candidate interface com.groupeisi.tp_spring_boot.dao.IAppUserRepository; If you want this repository to be a Redis repository, consider annotating your entities with one of these annotations: org.springframework.data.redis.core.RedisHash (preferred), or consider extending one of the following types with your repository: org.springframework.data.keyvalue.repository.KeyValueRepository
2026-02-17T15:02:31.331Z  INFO 40268 --- [tp_spring_boot] [main] .RepositoryConfigurationExtensionSupport : Spring Data Redis - Could not safely identify store assignment for repository candidate interface com.groupeisi.tp_spring_boot.dao.IProduitRepository; If you want this repository to be a Redis repository, consider annotating your entities with one of these annotations: org.springframework.data.redis.core.RedisHash (preferred), or consider extending one of the following types with your repository: org.springframework.data.keyvalue.repository.KeyValueRepository
2026-02-17T15:02:31.333Z  INFO 40268 --- [tp_spring_boot] [main] .s.d.r.c.RepositoryConfigurationDelegate : Finished Spring Data repository scanning in 35 ms. Found 0 Redis repository interfaces.
2026-02-17T15:02:33.972Z  INFO 40268 --- [tp_spring_boot] [main] o.s.boot.tomcat.TomcatWebServer          : Tomcat initialized with port 8080 (http)
2026-02-17T15:02:34.031Z  INFO 40268 --- [tp_spring_boot] [main] o.apache.catalina.core.StandardService   : Starting service [Tomcat]
2026-02-17T15:02:34.033Z  INFO 40268 --- [tp_spring_boot] [main] o.apache.catalina.core.StandardEngine    : Starting Servlet engine: [Apache Tomcat/11.0.15]
2026-02-17T15:02:34.371Z  INFO 40268 --- [tp_spring_boot] [main] b.w.c.s.WebApplicationContextInitializer : Root WebApplicationContext: initialization completed in 5606 ms
2026-02-17T15:02:34.636Z DEBUG 40268 --- [tp_spring_boot] [main] o.s.w.f.ServerHttpObservationFilter      : Filter 'webMvcObservationFilter' configured for use
2026-02-17T15:02:35.588Z  INFO 40268 --- [tp_spring_boot] [main] com.zaxxer.hikari.HikariDataSource       : HikariPool-1 - Starting...
2026-02-17T15:02:36.324Z  INFO 40268 --- [tp_spring_boot] [main] com.zaxxer.hikari.pool.HikariPool        : HikariPool-1 - Added connection com.mysql.cj.jdbc.ConnectionImpl@2e8986b6
2026-02-17T15:02:36.328Z  INFO 40268 --- [tp_spring_boot] [main] com.zaxxer.hikari.HikariDataSource       : HikariPool-1 - Start completed.
2026-02-17T15:02:36.476Z  INFO 40268 --- [tp_spring_boot] [main] org.flywaydb.core.FlywayExecutor         : Database: jdbc:mysql://localhost:3306/tp-spring-boot?createDatabaseIfNotExist=true&useUnicode=true&useJDBCCompliantTimezoneShift=true&useLegacyDatetimeCode=false&serverTimezone=UTC (MySQL 8.0)
2026-02-17T15:02:36.691Z  INFO 40268 --- [tp_spring_boot] [main] o.f.core.internal.command.DbValidate     : Successfully validated 1 migration (execution time 00:00.078s)
2026-02-17T15:02:36.743Z  INFO 40268 --- [tp_spring_boot] [main] o.f.core.internal.command.DbMigrate      : Current version of schema `tp-spring-boot`: 1
2026-02-17T15:02:36.759Z  INFO 40268 --- [tp_spring_boot] [main] o.f.core.internal.command.DbMigrate      : Schema `tp-spring-boot` is up to date. No migration necessary.
2026-02-17T15:02:36.974Z  INFO 40268 --- [tp_spring_boot] [main] org.hibernate.orm.jpa                    : HHH008540: Processing PersistenceUnitInfo [name: default]
2026-02-17T15:02:37.131Z  INFO 40268 --- [tp_spring_boot] [main] org.hibernate.orm.core                   : HHH000001: Hibernate ORM core version 7.2.1.Final
2026-02-17T15:02:38.115Z  INFO 40268 --- [tp_spring_boot] [main] o.s.o.j.p.SpringPersistenceUnitInfo      : No LoadTimeWeaver setup: ignoring JPA class transformer
2026-02-17T15:02:38.306Z  WARN 40268 --- [tp_spring_boot] [main] org.hibernate.orm.deprecation            : HHH90000025: MySQLDialect does not need to be specified explicitly using 'hibernate.dialect' (remove the property setting and it will be selected by default)
2026-02-17T15:02:38.369Z  INFO 40268 --- [tp_spring_boot] [main] org.hibernate.orm.connections.pooling    : HHH10001005: Database info:
	Database JDBC URL [jdbc:mysql://localhost:3306/tp-spring-boot?createDatabaseIfNotExist=true&useUnicode=true&useJDBCCompliantTimezoneShift=true&useLegacyDatetimeCode=false&serverTimezone=UTC]
	Database driver: MySQL Connector/J
	Database dialect: MySQLDialect
	Database version: 8.0.45
	Default catalog/schema: tp-spring-boot/undefined
	Autocommit mode: undefined/unknown
	Isolation level: REPEATABLE_READ [default REPEATABLE_READ]
	JDBC fetch size: none
	Pool: DataSourceConnectionProvider
	Minimum pool size: undefined/unknown
	Maximum pool size: undefined/unknown
2026-02-17T15:02:41.253Z  INFO 40268 --- [tp_spring_boot] [main] org.hibernate.orm.core                   : HHH000489: No JTA platform available (set 'hibernate.transaction.jta.platform' to enable JTA platform integration)
2026-02-17T15:02:41.424Z  INFO 40268 --- [tp_spring_boot] [main] j.LocalContainerEntityManagerFactoryBean : Initialized JPA EntityManagerFactory for persistence unit 'default'
2026-02-17T15:02:41.653Z  INFO 40268 --- [tp_spring_boot] [main] o.s.d.j.r.query.QueryEnhancerFactories   : Hibernate is in classpath; If applicable, HQL parser will be used.
2026-02-17T15:02:42.182Z  WARN 40268 --- [tp_spring_boot] [main] JpaBaseConfiguration$JpaWebConfiguration : spring.jpa.open-in-view is enabled by default. Therefore, database queries may be performed during view rendering. Explicitly configure spring.jpa.open-in-view to disable this warning
2026-02-17T15:02:42.282Z  INFO 40268 --- [tp_spring_boot] [main] o.s.v.b.OptionalValidatorFactoryBean     : Failed to set up a Bean Validation provider: jakarta.validation.NoProviderFoundException: Unable to create a Configuration, because no Jakarta Bean Validation provider could be found. Add a provider like Hibernate Validator (RI) to your classpath.
2026-02-17T15:02:42.693Z DEBUG 40268 --- [tp_spring_boot] [main] s.w.s.m.m.a.RequestMappingHandlerMapping : 7 mappings in 'requestMappingHandlerMapping'
2026-02-17T15:02:42.762Z DEBUG 40268 --- [tp_spring_boot] [main] o.s.w.s.handler.SimpleUrlHandlerMapping  : Patterns [/webjars/**, /**] in 'resourceHandlerMapping'
2026-02-17T15:02:42.827Z DEBUG 40268 --- [tp_spring_boot] [main] s.w.s.m.m.a.RequestMappingHandlerAdapter : ControllerAdvice beans: 0 @ModelAttribute, 0 @InitBinder, 2 RequestBodyAdvice, 1 ResponseBodyAdvice
2026-02-17T15:02:42.964Z DEBUG 40268 --- [tp_spring_boot] [main] .m.m.a.ExceptionHandlerExceptionResolver : ControllerAdvice beans: 1 @ExceptionHandler, 1 ResponseBodyAdvice
2026-02-17T15:02:45.678Z  INFO 40268 --- [tp_spring_boot] [main] o.s.b.a.e.web.EndpointLinksResolver      : Exposing 3 endpoints beneath base path '/actuator'
2026-02-17T15:02:45.998Z  INFO 40268 --- [tp_spring_boot] [main] o.s.boot.tomcat.TomcatWebServer          : Tomcat started on port 8080 (http) with context path '/'
2026-02-17T15:02:46.039Z  INFO 40268 --- [tp_spring_boot] [main] c.g.t.TpSpringBootApplication            : Started TpSpringBootApplication in 18.695 seconds (process running for 20.153)
2026-02-17T15:02:46.830Z  INFO 40268 --- [tp_spring_boot] [RMI TCP Connection(4)-100.100.194.82] o.a.c.c.C.[Tomcat].[localhost].[/]       : Initializing Spring DispatcherServlet 'dispatcherServlet'
2026-02-17T15:02:46.831Z  INFO 40268 --- [tp_spring_boot] [RMI TCP Connection(4)-100.100.194.82] o.s.web.servlet.DispatcherServlet        : Initializing Servlet 'dispatcherServlet'
2026-02-17T15:02:46.832Z DEBUG 40268 --- [tp_spring_boot] [RMI TCP Connection(4)-100.100.194.82] o.s.web.servlet.DispatcherServlet        : Detected StandardServletMultipartResolver
2026-02-17T15:02:46.834Z DEBUG 40268 --- [tp_spring_boot] [RMI TCP Connection(4)-100.100.194.82] o.s.web.servlet.DispatcherServlet        : Detected AcceptHeaderLocaleResolver
2026-02-17T15:02:46.842Z DEBUG 40268 --- [tp_spring_boot] [RMI TCP Connection(4)-100.100.194.82] o.s.web.servlet.DispatcherServlet        : Detected org.springframework.web.servlet.view.DefaultRequestToViewNameTranslator@3622c9f0
2026-02-17T15:02:46.844Z DEBUG 40268 --- [tp_spring_boot] [RMI TCP Connection(4)-100.100.194.82] o.s.web.servlet.DispatcherServlet        : Detected org.springframework.web.servlet.support.SessionFlashMapManager@7313e4fb
2026-02-17T15:02:46.845Z DEBUG 40268 --- [tp_spring_boot] [RMI TCP Connection(4)-100.100.194.82] o.s.web.servlet.DispatcherServlet        : enableLoggingRequestDetails='false': request parameters and headers will be masked to prevent unsafe logging of potentially sensitive data
2026-02-17T15:02:46.846Z  INFO 40268 --- [tp_spring_boot] [RMI TCP Connection(4)-100.100.194.82] o.s.web.servlet.DispatcherServlet        : Completed initialization in 13 ms
2026-02-17T15:02:58.170Z  WARN 40268 --- [tp_spring_boot] [boundedElastic-1] b.d.r.h.DataRedisReactiveHealthIndicator : Redis health check failed

org.springframework.data.redis.RedisConnectionFailureException: Unable to connect to Redis
	at org.springframework.data.redis.connection.lettuce.LettuceConnectionFactory$ExceptionTranslatingConnectionProvider.translateException(LettuceConnectionFactory.java:1868) ~[spring-data-redis-4.0.2.jar:4.0.2]
	at org.springframework.data.redis.connection.lettuce.LettuceConnectionFactory$ExceptionTranslatingConnectionProvider.getConnection(LettuceConnectionFactory.java:1799) ~[spring-data-redis-4.0.2.jar:4.0.2]
	at org.springframework.data.redis.connection.lettuce.LettuceConnectionFactory$SharedConnection.getNativeConnection(LettuceConnectionFactory.java:1596) ~[spring-data-redis-4.0.2.jar:4.0.2]
	at org.springframework.data.redis.connection.lettuce.LettuceConnectionFactory$SharedConnection.lambda$getConnection$0(LettuceConnectionFactory.java:1576) ~[spring-data-redis-4.0.2.jar:4.0.2]
	at org.springframework.data.redis.connection.lettuce.LettuceConnectionFactory.doInLock(LettuceConnectionFactory.java:1537) ~[spring-data-redis-4.0.2.jar:4.0.2]
	at org.springframework.data.redis.connection.lettuce.LettuceConnectionFactory$SharedConnection.getConnection(LettuceConnectionFactory.java:1573) ~[spring-data-redis-4.0.2.jar:4.0.2]
	at org.springframework.data.redis.connection.lettuce.LettuceConnectionFactory.getSharedReactiveConnection(LettuceConnectionFactory.java:1281) ~[spring-data-redis-4.0.2.jar:4.0.2]
	at org.springframework.data.redis.connection.lettuce.LettuceConnectionFactory.getReactiveConnection(LettuceConnectionFactory.java:1151) ~[spring-data-redis-4.0.2.jar:4.0.2]
	at org.springframework.data.redis.connection.lettuce.LettuceConnectionFactory.getReactiveConnection(LettuceConnectionFactory.java:120) ~[spring-data-redis-4.0.2.jar:4.0.2]
	at reactor.core.publisher.MonoSupplier.call(MonoSupplier.java:63) ~[reactor-core-3.8.2.jar:3.8.2]
	at reactor.core.publisher.FluxSubscribeOnCallable$CallableSubscribeOnSubscription.run(FluxSubscribeOnCallable.java:230) ~[reactor-core-3.8.2.jar:3.8.2]
	at reactor.core.scheduler.SchedulerTask.call(SchedulerTask.java:76) ~[reactor-core-3.8.2.jar:3.8.2]
	at reactor.core.scheduler.SchedulerTask.call(SchedulerTask.java:28) ~[reactor-core-3.8.2.jar:3.8.2]
	at java.base/java.util.concurrent.FutureTask.run(FutureTask.java:264) ~[na:na]
	at java.base/java.util.concurrent.ScheduledThreadPoolExecutor$ScheduledFutureTask.run(ScheduledThreadPoolExecutor.java:304) ~[na:na]
	at java.base/java.util.concurrent.ThreadPoolExecutor.runWorker(ThreadPoolExecutor.java:1136) ~[na:na]
	at java.base/java.util.concurrent.ThreadPoolExecutor$Worker.run(ThreadPoolExecutor.java:635) ~[na:na]
	at java.base/java.lang.Thread.run(Thread.java:840) ~[na:na]
Caused by: io.lettuce.core.RedisConnectionException: Unable to connect to localhost/<unresolved>:6379
	at io.lettuce.core.RedisConnectionException.create(RedisConnectionException.java:63) ~[lettuce-core-6.8.2.RELEASE.jar:6.8.2.RELEASE/34f8700]
	at io.lettuce.core.RedisConnectionException.create(RedisConnectionException.java:41) ~[lettuce-core-6.8.2.RELEASE.jar:6.8.2.RELEASE/34f8700]
	at io.lettuce.core.AbstractRedisClient.getConnection(AbstractRedisClient.java:352) ~[lettuce-core-6.8.2.RELEASE.jar:6.8.2.RELEASE/34f8700]
	at io.lettuce.core.RedisClient.connect(RedisClient.java:220) ~[lettuce-core-6.8.2.RELEASE.jar:6.8.2.RELEASE/34f8700]
	at org.springframework.data.redis.connection.lettuce.StandaloneConnectionProvider.lambda$getConnection$1(StandaloneConnectionProvider.java:113) ~[spring-data-redis-4.0.2.jar:4.0.2]
	at java.base/java.util.Optional.orElseGet(Optional.java:364) ~[na:na]
	at org.springframework.data.redis.connection.lettuce.StandaloneConnectionProvider.getConnection(StandaloneConnectionProvider.java:113) ~[spring-data-redis-4.0.2.jar:4.0.2]
	at org.springframework.data.redis.connection.lettuce.LettuceConnectionFactory$ExceptionTranslatingConnectionProvider.getConnection(LettuceConnectionFactory.java:1797) ~[spring-data-redis-4.0.2.jar:4.0.2]
	... 16 common frames omitted
Caused by: io.netty.handler.ssl.SslHandshakeTimeoutException: handshake timed out after 10000ms
	at io.netty.handler.ssl.SslHandler$8.run(SslHandler.java:2302) ~[netty-handler-4.2.9.Final.jar:4.2.9.Final]
	at io.netty.util.concurrent.PromiseTask.runTask(PromiseTask.java:98) ~[netty-common-4.2.9.Final.jar:4.2.9.Final]
	at io.netty.util.concurrent.ScheduledFutureTask.run(ScheduledFutureTask.java:160) ~[netty-common-4.2.9.Final.jar:4.2.9.Final]
	at io.netty.util.concurrent.AbstractEventExecutor.runTask(AbstractEventExecutor.java:148) ~[netty-common-4.2.9.Final.jar:4.2.9.Final]
	at io.netty.util.concurrent.AbstractEventExecutor.safeExecute(AbstractEventExecutor.java:141) ~[netty-common-4.2.9.Final.jar:4.2.9.Final]
	at io.netty.util.concurrent.SingleThreadEventExecutor.runAllTasks(SingleThreadEventExecutor.java:535) ~[netty-common-4.2.9.Final.jar:4.2.9.Final]
	at io.netty.channel.SingleThreadIoEventLoop.run(SingleThreadIoEventLoop.java:201) ~[netty-transport-4.2.9.Final.jar:4.2.9.Final]
	at io.netty.util.concurrent.SingleThreadEventExecutor$5.run(SingleThreadEventExecutor.java:1195) ~[netty-common-4.2.9.Final.jar:4.2.9.Final]
	at io.netty.util.internal.ThreadExecutorMap$2.run(ThreadExecutorMap.java:74) ~[netty-common-4.2.9.Final.jar:4.2.9.Final]
	at io.netty.util.concurrent.FastThreadLocalRunnable.run(FastThreadLocalRunnable.java:30) ~[netty-common-4.2.9.Final.jar:4.2.9.Final]
	... 1 common frames omitted

2026-02-17T15:02:58.187Z  WARN 40268 --- [tp_spring_boot] [RMI TCP Connection(1)-100.100.194.82] o.s.b.h.a.e.HealthEndpointSupport        : Health contributor org.springframework.boot.health.contributor.ReactiveHealthIndicatorAdapter (redis) took 11513ms to respond
2026-02-17T15:05:43.530Z  INFO 40268 --- [tp_spring_boot] [SpringApplicationShutdownHook] o.s.boot.tomcat.GracefulShutdown         : Commencing graceful shutdown. Waiting for active requests to complete
2026-02-17T15:05:44.190Z  INFO 40268 --- [tp_spring_boot] [tomcat-shutdown] o.s.boot.tomcat.GracefulShutdown         : Graceful shutdown complete
2026-02-17T15:05:44.242Z  INFO 40268 --- [tp_spring_boot] [SpringApplicationShutdownHook] j.LocalContainerEntityManagerFactoryBean : Closing JPA EntityManagerFactory for persistence unit 'default'
2026-02-17T15:05:44.248Z  INFO 40268 --- [tp_spring_boot] [SpringApplicationShutdownHook] com.zaxxer.hikari.HikariDataSource       : HikariPool-1 - Shutdown initiated...
2026-02-17T15:05:44.278Z  INFO 40268 --- [tp_spring_boot] [SpringApplicationShutdownHook] com.zaxxer.hikari.HikariDataSource       : HikariPool-1 - Shutdown completed.
2026-02-17T15:05:49.744Z  INFO 30040 --- [tp_spring_boot] [main] c.g.t.TpSpringBootApplication            : Starting TpSpringBootApplication using Java 17.0.17 with PID 30040 (C:\Users\User\IdeaProjects\tp_spring_boot\target\classes started by User in C:\Users\User\IdeaProjects\tp_spring_boot)
2026-02-17T15:05:49.755Z  INFO 30040 --- [tp_spring_boot] [main] c.g.t.TpSpringBootApplication            : No active profile set, falling back to 1 default profile: "default"
2026-02-17T15:05:52.803Z  INFO 30040 --- [tp_spring_boot] [main] .s.d.r.c.RepositoryConfigurationDelegate : Multiple Spring Data modules found, entering strict repository configuration mode
2026-02-17T15:05:52.810Z  INFO 30040 --- [tp_spring_boot] [main] .s.d.r.c.RepositoryConfigurationDelegate : Bootstrapping Spring Data JPA repositories in DEFAULT mode.
2026-02-17T15:05:53.489Z  INFO 30040 --- [tp_spring_boot] [main] .s.d.r.c.RepositoryConfigurationDelegate : Finished Spring Data repository scanning in 634 ms. Found 3 JPA repository interfaces.
2026-02-17T15:05:53.637Z  INFO 30040 --- [tp_spring_boot] [main] .s.d.r.c.RepositoryConfigurationDelegate : Multiple Spring Data modules found, entering strict repository configuration mode
2026-02-17T15:05:53.641Z  INFO 30040 --- [tp_spring_boot] [main] .s.d.r.c.RepositoryConfigurationDelegate : Bootstrapping Spring Data Redis repositories in DEFAULT mode.
2026-02-17T15:05:53.691Z  INFO 30040 --- [tp_spring_boot] [main] .RepositoryConfigurationExtensionSupport : Spring Data Redis - Could not safely identify store assignment for repository candidate interface com.groupeisi.tp_spring_boot.dao.IAppRolesRepository; If you want this repository to be a Redis repository, consider annotating your entities with one of these annotations: org.springframework.data.redis.core.RedisHash (preferred), or consider extending one of the following types with your repository: org.springframework.data.keyvalue.repository.KeyValueRepository
2026-02-17T15:05:53.693Z  INFO 30040 --- [tp_spring_boot] [main] .RepositoryConfigurationExtensionSupport : Spring Data Redis - Could not safely identify store assignment for repository candidate interface com.groupeisi.tp_spring_boot.dao.IAppUserRepository; If you want this repository to be a Redis repository, consider annotating your entities with one of these annotations: org.springframework.data.redis.core.RedisHash (preferred), or consider extending one of the following types with your repository: org.springframework.data.keyvalue.repository.KeyValueRepository
2026-02-17T15:05:53.694Z  INFO 30040 --- [tp_spring_boot] [main] .RepositoryConfigurationExtensionSupport : Spring Data Redis - Could not safely identify store assignment for repository candidate interface com.groupeisi.tp_spring_boot.dao.IProduitRepository; If you want this repository to be a Redis repository, consider annotating your entities with one of these annotations: org.springframework.data.redis.core.RedisHash (preferred), or consider extending one of the following types with your repository: org.springframework.data.keyvalue.repository.KeyValueRepository
2026-02-17T15:05:53.695Z  INFO 30040 --- [tp_spring_boot] [main] .s.d.r.c.RepositoryConfigurationDelegate : Finished Spring Data repository scanning in 22 ms. Found 0 Redis repository interfaces.
2026-02-17T15:05:56.217Z  INFO 30040 --- [tp_spring_boot] [main] o.s.boot.tomcat.TomcatWebServer          : Tomcat initialized with port 8080 (http)
2026-02-17T15:05:56.262Z  INFO 30040 --- [tp_spring_boot] [main] o.apache.catalina.core.StandardService   : Starting service [Tomcat]
2026-02-17T15:05:56.263Z  INFO 30040 --- [tp_spring_boot] [main] o.apache.catalina.core.StandardEngine    : Starting Servlet engine: [Apache Tomcat/11.0.15]
2026-02-17T15:05:56.505Z  INFO 30040 --- [tp_spring_boot] [main] b.w.c.s.WebApplicationContextInitializer : Root WebApplicationContext: initialization completed in 6643 ms
2026-02-17T15:05:57.188Z DEBUG 30040 --- [tp_spring_boot] [main] o.s.w.f.ServerHttpObservationFilter      : Filter 'webMvcObservationFilter' configured for use
2026-02-17T15:05:58.156Z  INFO 30040 --- [tp_spring_boot] [main] com.zaxxer.hikari.HikariDataSource       : HikariPool-1 - Starting...
2026-02-17T15:05:59.062Z  INFO 30040 --- [tp_spring_boot] [main] com.zaxxer.hikari.pool.HikariPool        : HikariPool-1 - Added connection com.mysql.cj.jdbc.ConnectionImpl@3dc2f14
2026-02-17T15:05:59.068Z  INFO 30040 --- [tp_spring_boot] [main] com.zaxxer.hikari.HikariDataSource       : HikariPool-1 - Start completed.
2026-02-17T15:05:59.363Z  INFO 30040 --- [tp_spring_boot] [main] org.flywaydb.core.FlywayExecutor         : Database: jdbc:mysql://localhost:3306/tp-spring-boot?createDatabaseIfNotExist=true&useUnicode=true&useJDBCCompliantTimezoneShift=true&useLegacyDatetimeCode=false&serverTimezone=UTC (MySQL 8.0)
2026-02-17T15:05:59.689Z  INFO 30040 --- [tp_spring_boot] [main] o.f.core.internal.command.DbValidate     : Successfully validated 1 migration (execution time 00:00.120s)
2026-02-17T15:05:59.754Z  INFO 30040 --- [tp_spring_boot] [main] o.f.core.internal.command.DbMigrate      : Current version of schema `tp-spring-boot`: 1
2026-02-17T15:05:59.766Z  INFO 30040 --- [tp_spring_boot] [main] o.f.core.internal.command.DbMigrate      : Schema `tp-spring-boot` is up to date. No migration necessary.
2026-02-17T15:06:00.154Z  INFO 30040 --- [tp_spring_boot] [main] org.hibernate.orm.jpa                    : HHH008540: Processing PersistenceUnitInfo [name: default]
2026-02-17T15:06:00.438Z  INFO 30040 --- [tp_spring_boot] [main] org.hibernate.orm.core                   : HHH000001: Hibernate ORM core version 7.2.1.Final
2026-02-17T15:06:02.450Z  INFO 30040 --- [tp_spring_boot] [main] o.s.o.j.p.SpringPersistenceUnitInfo      : No LoadTimeWeaver setup: ignoring JPA class transformer
2026-02-17T15:06:02.642Z  WARN 30040 --- [tp_spring_boot] [main] org.hibernate.orm.deprecation            : HHH90000025: MySQLDialect does not need to be specified explicitly using 'hibernate.dialect' (remove the property setting and it will be selected by default)
2026-02-17T15:06:02.705Z  INFO 30040 --- [tp_spring_boot] [main] org.hibernate.orm.connections.pooling    : HHH10001005: Database info:
	Database JDBC URL [jdbc:mysql://localhost:3306/tp-spring-boot?createDatabaseIfNotExist=true&useUnicode=true&useJDBCCompliantTimezoneShift=true&useLegacyDatetimeCode=false&serverTimezone=UTC]
	Database driver: MySQL Connector/J
	Database dialect: MySQLDialect
	Database version: 8.0.45
	Default catalog/schema: tp-spring-boot/undefined
	Autocommit mode: undefined/unknown
	Isolation level: REPEATABLE_READ [default REPEATABLE_READ]
	JDBC fetch size: none
	Pool: DataSourceConnectionProvider
	Minimum pool size: undefined/unknown
	Maximum pool size: undefined/unknown
2026-02-17T15:06:05.661Z  INFO 30040 --- [tp_spring_boot] [main] org.hibernate.orm.core                   : HHH000489: No JTA platform available (set 'hibernate.transaction.jta.platform' to enable JTA platform integration)
2026-02-17T15:06:06.044Z  INFO 30040 --- [tp_spring_boot] [main] j.LocalContainerEntityManagerFactoryBean : Initialized JPA EntityManagerFactory for persistence unit 'default'
2026-02-17T15:06:06.327Z  INFO 30040 --- [tp_spring_boot] [main] o.s.d.j.r.query.QueryEnhancerFactories   : Hibernate is in classpath; If applicable, HQL parser will be used.
2026-02-17T15:06:07.037Z  WARN 30040 --- [tp_spring_boot] [main] JpaBaseConfiguration$JpaWebConfiguration : spring.jpa.open-in-view is enabled by default. Therefore, database queries may be performed during view rendering. Explicitly configure spring.jpa.open-in-view to disable this warning
2026-02-17T15:06:07.155Z  INFO 30040 --- [tp_spring_boot] [main] o.s.v.b.OptionalValidatorFactoryBean     : Failed to set up a Bean Validation provider: jakarta.validation.NoProviderFoundException: Unable to create a Configuration, because no Jakarta Bean Validation provider could be found. Add a provider like Hibernate Validator (RI) to your classpath.
2026-02-17T15:06:07.473Z DEBUG 30040 --- [tp_spring_boot] [main] s.w.s.m.m.a.RequestMappingHandlerMapping : 7 mappings in 'requestMappingHandlerMapping'
2026-02-17T15:06:07.565Z DEBUG 30040 --- [tp_spring_boot] [main] o.s.w.s.handler.SimpleUrlHandlerMapping  : Patterns [/webjars/**, /**] in 'resourceHandlerMapping'
2026-02-17T15:06:07.663Z DEBUG 30040 --- [tp_spring_boot] [main] s.w.s.m.m.a.RequestMappingHandlerAdapter : ControllerAdvice beans: 0 @ModelAttribute, 0 @InitBinder, 2 RequestBodyAdvice, 1 ResponseBodyAdvice
2026-02-17T15:06:07.926Z DEBUG 30040 --- [tp_spring_boot] [main] .m.m.a.ExceptionHandlerExceptionResolver : ControllerAdvice beans: 1 @ExceptionHandler, 1 ResponseBodyAdvice
2026-02-17T15:06:11.108Z  INFO 30040 --- [tp_spring_boot] [main] o.s.b.a.e.web.EndpointLinksResolver      : Exposing 3 endpoints beneath base path '/actuator'
2026-02-17T15:06:11.443Z  INFO 30040 --- [tp_spring_boot] [main] o.s.boot.tomcat.TomcatWebServer          : Tomcat started on port 8080 (http) with context path '/'
2026-02-17T15:06:11.475Z  INFO 30040 --- [tp_spring_boot] [main] c.g.t.TpSpringBootApplication            : Started TpSpringBootApplication in 22.979 seconds (process running for 24.404)
2026-02-17T15:06:12.280Z  INFO 30040 --- [tp_spring_boot] [RMI TCP Connection(1)-100.100.194.82] o.a.c.c.C.[Tomcat].[localhost].[/]       : Initializing Spring DispatcherServlet 'dispatcherServlet'
2026-02-17T15:06:12.281Z  INFO 30040 --- [tp_spring_boot] [RMI TCP Connection(1)-100.100.194.82] o.s.web.servlet.DispatcherServlet        : Initializing Servlet 'dispatcherServlet'
2026-02-17T15:06:12.282Z DEBUG 30040 --- [tp_spring_boot] [RMI TCP Connection(1)-100.100.194.82] o.s.web.servlet.DispatcherServlet        : Detected StandardServletMultipartResolver
2026-02-17T15:06:12.284Z DEBUG 30040 --- [tp_spring_boot] [RMI TCP Connection(1)-100.100.194.82] o.s.web.servlet.DispatcherServlet        : Detected AcceptHeaderLocaleResolver
2026-02-17T15:06:12.288Z DEBUG 30040 --- [tp_spring_boot] [RMI TCP Connection(1)-100.100.194.82] o.s.web.servlet.DispatcherServlet        : Detected org.springframework.web.servlet.view.DefaultRequestToViewNameTranslator@7b4b6dca
2026-02-17T15:06:12.290Z DEBUG 30040 --- [tp_spring_boot] [RMI TCP Connection(1)-100.100.194.82] o.s.web.servlet.DispatcherServlet        : Detected org.springframework.web.servlet.support.SessionFlashMapManager@7d911f95
2026-02-17T15:06:12.290Z DEBUG 30040 --- [tp_spring_boot] [RMI TCP Connection(1)-100.100.194.82] o.s.web.servlet.DispatcherServlet        : enableLoggingRequestDetails='false': request parameters and headers will be masked to prevent unsafe logging of potentially sensitive data
2026-02-17T15:06:12.291Z  INFO 30040 --- [tp_spring_boot] [RMI TCP Connection(1)-100.100.194.82] o.s.web.servlet.DispatcherServlet        : Completed initialization in 9 ms
2026-02-17T15:10:58.635Z  INFO 30040 --- [tp_spring_boot] [SpringApplicationShutdownHook] o.s.boot.tomcat.GracefulShutdown         : Commencing graceful shutdown. Waiting for active requests to complete
2026-02-17T15:10:59.190Z  INFO 30040 --- [tp_spring_boot] [tomcat-shutdown] o.s.boot.tomcat.GracefulShutdown         : Graceful shutdown complete
2026-02-17T15:10:59.225Z  INFO 30040 --- [tp_spring_boot] [SpringApplicationShutdownHook] j.LocalContainerEntityManagerFactoryBean : Closing JPA EntityManagerFactory for persistence unit 'default'
2026-02-17T15:10:59.230Z  INFO 30040 --- [tp_spring_boot] [SpringApplicationShutdownHook] com.zaxxer.hikari.HikariDataSource       : HikariPool-1 - Shutdown initiated...
2026-02-17T15:10:59.255Z  INFO 30040 --- [tp_spring_boot] [SpringApplicationShutdownHook] com.zaxxer.hikari.HikariDataSource       : HikariPool-1 - Shutdown completed.
2026-02-17T15:11:04.450Z  INFO 30804 --- [tp_spring_boot] [main] c.g.t.TpSpringBootApplication            : Starting TpSpringBootApplication using Java 17.0.17 with PID 30804 (C:\Users\User\IdeaProjects\tp_spring_boot\target\classes started by User in C:\Users\User\IdeaProjects\tp_spring_boot)
2026-02-17T15:11:04.456Z  INFO 30804 --- [tp_spring_boot] [main] c.g.t.TpSpringBootApplication            : No active profile set, falling back to 1 default profile: "default"
2026-02-17T15:11:06.897Z  INFO 30804 --- [tp_spring_boot] [main] .s.d.r.c.RepositoryConfigurationDelegate : Multiple Spring Data modules found, entering strict repository configuration mode
2026-02-17T15:11:06.905Z  INFO 30804 --- [tp_spring_boot] [main] .s.d.r.c.RepositoryConfigurationDelegate : Bootstrapping Spring Data JPA repositories in DEFAULT mode.
2026-02-17T15:11:07.612Z  INFO 30804 --- [tp_spring_boot] [main] .s.d.r.c.RepositoryConfigurationDelegate : Finished Spring Data repository scanning in 658 ms. Found 3 JPA repository interfaces.
2026-02-17T15:11:07.757Z  INFO 30804 --- [tp_spring_boot] [main] .s.d.r.c.RepositoryConfigurationDelegate : Multiple Spring Data modules found, entering strict repository configuration mode
2026-02-17T15:11:07.759Z  INFO 30804 --- [tp_spring_boot] [main] .s.d.r.c.RepositoryConfigurationDelegate : Bootstrapping Spring Data Redis repositories in DEFAULT mode.
2026-02-17T15:11:07.790Z  INFO 30804 --- [tp_spring_boot] [main] .RepositoryConfigurationExtensionSupport : Spring Data Redis - Could not safely identify store assignment for repository candidate interface com.groupeisi.tp_spring_boot.dao.IAppRolesRepository; If you want this repository to be a Redis repository, consider annotating your entities with one of these annotations: org.springframework.data.redis.core.RedisHash (preferred), or consider extending one of the following types with your repository: org.springframework.data.keyvalue.repository.KeyValueRepository
2026-02-17T15:11:07.790Z  INFO 30804 --- [tp_spring_boot] [main] .RepositoryConfigurationExtensionSupport : Spring Data Redis - Could not safely identify store assignment for repository candidate interface com.groupeisi.tp_spring_boot.dao.IAppUserRepository; If you want this repository to be a Redis repository, consider annotating your entities with one of these annotations: org.springframework.data.redis.core.RedisHash (preferred), or consider extending one of the following types with your repository: org.springframework.data.keyvalue.repository.KeyValueRepository
2026-02-17T15:11:07.791Z  INFO 30804 --- [tp_spring_boot] [main] .RepositoryConfigurationExtensionSupport : Spring Data Redis - Could not safely identify store assignment for repository candidate interface com.groupeisi.tp_spring_boot.dao.IProduitRepository; If you want this repository to be a Redis repository, consider annotating your entities with one of these annotations: org.springframework.data.redis.core.RedisHash (preferred), or consider extending one of the following types with your repository: org.springframework.data.keyvalue.repository.KeyValueRepository
2026-02-17T15:11:07.791Z  INFO 30804 --- [tp_spring_boot] [main] .s.d.r.c.RepositoryConfigurationDelegate : Finished Spring Data repository scanning in 10 ms. Found 0 Redis repository interfaces.
2026-02-17T15:11:10.144Z  INFO 30804 --- [tp_spring_boot] [main] o.s.boot.tomcat.TomcatWebServer          : Tomcat initialized with port 8080 (http)
2026-02-17T15:11:10.183Z  INFO 30804 --- [tp_spring_boot] [main] o.apache.catalina.core.StandardService   : Starting service [Tomcat]
2026-02-17T15:11:10.184Z  INFO 30804 --- [tp_spring_boot] [main] o.apache.catalina.core.StandardEngine    : Starting Servlet engine: [Apache Tomcat/11.0.15]
2026-02-17T15:11:10.343Z  INFO 30804 --- [tp_spring_boot] [main] b.w.c.s.WebApplicationContextInitializer : Root WebApplicationContext: initialization completed in 5792 ms
2026-02-17T15:11:10.683Z DEBUG 30804 --- [tp_spring_boot] [main] o.s.w.f.ServerHttpObservationFilter      : Filter 'webMvcObservationFilter' configured for use
2026-02-17T15:11:11.562Z  INFO 30804 --- [tp_spring_boot] [main] com.zaxxer.hikari.HikariDataSource       : HikariPool-1 - Starting...
2026-02-17T15:11:12.276Z  INFO 30804 --- [tp_spring_boot] [main] com.zaxxer.hikari.pool.HikariPool        : HikariPool-1 - Added connection com.mysql.cj.jdbc.ConnectionImpl@3ad2883a
2026-02-17T15:11:12.281Z  INFO 30804 --- [tp_spring_boot] [main] com.zaxxer.hikari.HikariDataSource       : HikariPool-1 - Start completed.
2026-02-17T15:11:12.407Z  INFO 30804 --- [tp_spring_boot] [main] org.flywaydb.core.FlywayExecutor         : Database: jdbc:mysql://localhost:3306/tp-spring-boot?createDatabaseIfNotExist=true&useUnicode=true&useJDBCCompliantTimezoneShift=true&useLegacyDatetimeCode=false&serverTimezone=UTC (MySQL 8.0)
2026-02-17T15:11:12.696Z  INFO 30804 --- [tp_spring_boot] [main] o.f.core.internal.command.DbValidate     : Successfully validated 1 migration (execution time 00:00.094s)
2026-02-17T15:11:12.750Z  INFO 30804 --- [tp_spring_boot] [main] o.f.core.internal.command.DbMigrate      : Current version of schema `tp-spring-boot`: 1
2026-02-17T15:11:12.762Z  INFO 30804 --- [tp_spring_boot] [main] o.f.core.internal.command.DbMigrate      : Schema `tp-spring-boot` is up to date. No migration necessary.
2026-02-17T15:11:12.898Z  INFO 30804 --- [tp_spring_boot] [main] org.hibernate.orm.jpa                    : HHH008540: Processing PersistenceUnitInfo [name: default]
2026-02-17T15:11:13.024Z  INFO 30804 --- [tp_spring_boot] [main] org.hibernate.orm.core                   : HHH000001: Hibernate ORM core version 7.2.1.Final
2026-02-17T15:11:14.419Z  INFO 30804 --- [tp_spring_boot] [main] o.s.o.j.p.SpringPersistenceUnitInfo      : No LoadTimeWeaver setup: ignoring JPA class transformer
2026-02-17T15:11:14.609Z  WARN 30804 --- [tp_spring_boot] [main] org.hibernate.orm.deprecation            : HHH90000025: MySQLDialect does not need to be specified explicitly using 'hibernate.dialect' (remove the property setting and it will be selected by default)
2026-02-17T15:11:14.648Z  INFO 30804 --- [tp_spring_boot] [main] org.hibernate.orm.connections.pooling    : HHH10001005: Database info:
	Database JDBC URL [jdbc:mysql://localhost:3306/tp-spring-boot?createDatabaseIfNotExist=true&useUnicode=true&useJDBCCompliantTimezoneShift=true&useLegacyDatetimeCode=false&serverTimezone=UTC]
	Database driver: MySQL Connector/J
	Database dialect: MySQLDialect
	Database version: 8.0.45
	Default catalog/schema: tp-spring-boot/undefined
	Autocommit mode: undefined/unknown
	Isolation level: REPEATABLE_READ [default REPEATABLE_READ]
	JDBC fetch size: none
	Pool: DataSourceConnectionProvider
	Minimum pool size: undefined/unknown
	Maximum pool size: undefined/unknown
2026-02-17T15:11:17.361Z  INFO 30804 --- [tp_spring_boot] [main] org.hibernate.orm.core                   : HHH000489: No JTA platform available (set 'hibernate.transaction.jta.platform' to enable JTA platform integration)
2026-02-17T15:11:17.677Z  INFO 30804 --- [tp_spring_boot] [main] j.LocalContainerEntityManagerFactoryBean : Initialized JPA EntityManagerFactory for persistence unit 'default'
2026-02-17T15:11:17.824Z  INFO 30804 --- [tp_spring_boot] [main] o.s.d.j.r.query.QueryEnhancerFactories   : Hibernate is in classpath; If applicable, HQL parser will be used.
2026-02-17T15:11:18.501Z  WARN 30804 --- [tp_spring_boot] [main] JpaBaseConfiguration$JpaWebConfiguration : spring.jpa.open-in-view is enabled by default. Therefore, database queries may be performed during view rendering. Explicitly configure spring.jpa.open-in-view to disable this warning
2026-02-17T15:11:18.599Z  INFO 30804 --- [tp_spring_boot] [main] o.s.v.b.OptionalValidatorFactoryBean     : Failed to set up a Bean Validation provider: jakarta.validation.NoProviderFoundException: Unable to create a Configuration, because no Jakarta Bean Validation provider could be found. Add a provider like Hibernate Validator (RI) to your classpath.
2026-02-17T15:11:18.807Z DEBUG 30804 --- [tp_spring_boot] [main] s.w.s.m.m.a.RequestMappingHandlerMapping : 7 mappings in 'requestMappingHandlerMapping'
2026-02-17T15:11:18.877Z DEBUG 30804 --- [tp_spring_boot] [main] o.s.w.s.handler.SimpleUrlHandlerMapping  : Patterns [/webjars/**, /**] in 'resourceHandlerMapping'
2026-02-17T15:11:18.950Z DEBUG 30804 --- [tp_spring_boot] [main] s.w.s.m.m.a.RequestMappingHandlerAdapter : ControllerAdvice beans: 0 @ModelAttribute, 0 @InitBinder, 2 RequestBodyAdvice, 1 ResponseBodyAdvice
2026-02-17T15:11:19.093Z DEBUG 30804 --- [tp_spring_boot] [main] .m.m.a.ExceptionHandlerExceptionResolver : ControllerAdvice beans: 1 @ExceptionHandler, 1 ResponseBodyAdvice
2026-02-17T15:11:21.752Z  INFO 30804 --- [tp_spring_boot] [main] o.s.b.a.e.web.EndpointLinksResolver      : Exposing 3 endpoints beneath base path '/actuator'
2026-02-17T15:11:22.048Z  INFO 30804 --- [tp_spring_boot] [main] o.s.boot.tomcat.TomcatWebServer          : Tomcat started on port 8080 (http) with context path '/'
2026-02-17T15:11:22.081Z  INFO 30804 --- [tp_spring_boot] [main] c.g.t.TpSpringBootApplication            : Started TpSpringBootApplication in 18.898 seconds (process running for 20.31)
2026-02-17T15:11:23.074Z  INFO 30804 --- [tp_spring_boot] [RMI TCP Connection(1)-100.100.194.82] o.a.c.c.C.[Tomcat].[localhost].[/]       : Initializing Spring DispatcherServlet 'dispatcherServlet'
2026-02-17T15:11:23.074Z  INFO 30804 --- [tp_spring_boot] [RMI TCP Connection(1)-100.100.194.82] o.s.web.servlet.DispatcherServlet        : Initializing Servlet 'dispatcherServlet'
2026-02-17T15:11:23.075Z DEBUG 30804 --- [tp_spring_boot] [RMI TCP Connection(1)-100.100.194.82] o.s.web.servlet.DispatcherServlet        : Detected StandardServletMultipartResolver
2026-02-17T15:11:23.077Z DEBUG 30804 --- [tp_spring_boot] [RMI TCP Connection(1)-100.100.194.82] o.s.web.servlet.DispatcherServlet        : Detected AcceptHeaderLocaleResolver
2026-02-17T15:11:23.083Z DEBUG 30804 --- [tp_spring_boot] [RMI TCP Connection(1)-100.100.194.82] o.s.web.servlet.DispatcherServlet        : Detected org.springframework.web.servlet.view.DefaultRequestToViewNameTranslator@5baabba
2026-02-17T15:11:23.086Z DEBUG 30804 --- [tp_spring_boot] [RMI TCP Connection(1)-100.100.194.82] o.s.web.servlet.DispatcherServlet        : Detected org.springframework.web.servlet.support.SessionFlashMapManager@620ba19c
2026-02-17T15:11:23.089Z DEBUG 30804 --- [tp_spring_boot] [RMI TCP Connection(1)-100.100.194.82] o.s.web.servlet.DispatcherServlet        : enableLoggingRequestDetails='false': request parameters and headers will be masked to prevent unsafe logging of potentially sensitive data
2026-02-17T15:11:23.090Z  INFO 30804 --- [tp_spring_boot] [RMI TCP Connection(1)-100.100.194.82] o.s.web.servlet.DispatcherServlet        : Completed initialization in 15 ms
2026-02-17T15:13:41.759Z DEBUG 30804 --- [tp_spring_boot] [http-nio-8080-exec-1] o.s.web.servlet.DispatcherServlet        : GET "/", parameters={}
2026-02-17T15:13:41.793Z DEBUG 30804 --- [tp_spring_boot] [http-nio-8080-exec-1] o.s.w.s.handler.SimpleUrlHandlerMapping  : Mapped to ResourceHttpRequestHandler [classpath [META-INF/resources/], classpath [resources/], classpath [static/], classpath [public/], ServletContext [/]]
2026-02-17T15:13:41.803Z DEBUG 30804 --- [tp_spring_boot] [http-nio-8080-exec-1] o.s.w.s.r.ResourceHttpRequestHandler     : Resource not found
2026-02-17T15:13:41.823Z DEBUG 30804 --- [tp_spring_boot] [http-nio-8080-exec-1] .w.s.m.s.DefaultHandlerExceptionResolver : Resolved [org.springframework.web.servlet.resource.NoResourceFoundException: No static resource  for request '/'.]
2026-02-17T15:13:41.825Z DEBUG 30804 --- [tp_spring_boot] [http-nio-8080-exec-1] o.s.web.servlet.DispatcherServlet        : Completed 404 NOT_FOUND
2026-02-17T15:13:41.850Z DEBUG 30804 --- [tp_spring_boot] [http-nio-8080-exec-1] o.s.web.servlet.DispatcherServlet        : "ERROR" dispatch for GET "/error", parameters={}
2026-02-17T15:13:41.857Z DEBUG 30804 --- [tp_spring_boot] [http-nio-8080-exec-1] s.w.s.m.m.a.RequestMappingHandlerMapping : Mapped to org.springframework.boot.webmvc.autoconfigure.error.BasicErrorController#errorHtml(HttpServletRequest, HttpServletResponse)
2026-02-17T15:13:41.946Z DEBUG 30804 --- [tp_spring_boot] [http-nio-8080-exec-1] o.s.w.s.v.ContentNegotiatingViewResolver : Selected 'text/html' given [text/html, text/html;q=0.8]
2026-02-17T15:13:41.959Z DEBUG 30804 --- [tp_spring_boot] [http-nio-8080-exec-1] o.s.web.servlet.DispatcherServlet        : Exiting from "ERROR" dispatch, status 404
2026-02-17T15:13:42.186Z DEBUG 30804 --- [tp_spring_boot] [http-nio-8080-exec-2] o.s.web.servlet.DispatcherServlet        : GET "/favicon.ico", parameters={}
2026-02-17T15:13:42.193Z DEBUG 30804 --- [tp_spring_boot] [http-nio-8080-exec-2] o.s.w.s.handler.SimpleUrlHandlerMapping  : Mapped to ResourceHttpRequestHandler [classpath [META-INF/resources/], classpath [resources/], classpath [static/], classpath [public/], ServletContext [/]]
2026-02-17T15:13:42.201Z DEBUG 30804 --- [tp_spring_boot] [http-nio-8080-exec-2] o.s.w.s.r.ResourceHttpRequestHandler     : Resource not found
2026-02-17T15:13:42.204Z DEBUG 30804 --- [tp_spring_boot] [http-nio-8080-exec-2] .w.s.m.s.DefaultHandlerExceptionResolver : Resolved [org.springframework.web.servlet.resource.NoResourceFoundException: No static resource favicon.ico for request '/favicon.ico'.]
2026-02-17T15:13:42.205Z DEBUG 30804 --- [tp_spring_boot] [http-nio-8080-exec-2] o.s.web.servlet.DispatcherServlet        : Completed 404 NOT_FOUND
2026-02-17T15:13:42.206Z DEBUG 30804 --- [tp_spring_boot] [http-nio-8080-exec-2] o.s.web.servlet.DispatcherServlet        : "ERROR" dispatch for GET "/error", parameters={}
2026-02-17T15:13:42.208Z DEBUG 30804 --- [tp_spring_boot] [http-nio-8080-exec-2] s.w.s.m.m.a.RequestMappingHandlerMapping : Mapped to org.springframework.boot.webmvc.autoconfigure.error.BasicErrorController#error(HttpServletRequest)
2026-02-17T15:13:42.230Z DEBUG 30804 --- [tp_spring_boot] [http-nio-8080-exec-2] o.s.w.s.m.m.a.HttpEntityMethodProcessor  : Using 'application/json;q=0.8', given [image/avif, image/webp, image/apng, image/svg+xml, image/*, */*;q=0.8] and supported [application/json, application/*+json]
2026-02-17T15:13:42.234Z DEBUG 30804 --- [tp_spring_boot] [http-nio-8080-exec-2] o.s.w.s.m.m.a.HttpEntityMethodProcessor  : Writing [{timestamp=Tue Feb 17 15:13:42 UTC 2026, status=404, error=Not Found, path=/favicon.ico}]
2026-02-17T15:13:42.284Z DEBUG 30804 --- [tp_spring_boot] [http-nio-8080-exec-2] o.s.web.servlet.DispatcherServlet        : Exiting from "ERROR" dispatch, status 404
2026-02-17T15:22:44.433Z DEBUG 30804 --- [tp_spring_boot] [http-nio-8080-exec-6] o.s.web.servlet.DispatcherServlet        : GET "/roles", parameters={}
2026-02-17T15:22:44.436Z DEBUG 30804 --- [tp_spring_boot] [http-nio-8080-exec-6] s.w.s.m.m.a.RequestMappingHandlerMapping : Mapped to com.groupeisi.tp_spring_boot.controller.AppRolesController#getAppRoles()
2026-02-17T15:22:45.614Z DEBUG 30804 --- [tp_spring_boot] [http-nio-8080-exec-6] m.m.a.RequestResponseBodyMethodProcessor : Using 'application/json', given [*/*] and supported [application/json, application/*+json]
2026-02-17T15:22:45.615Z DEBUG 30804 --- [tp_spring_boot] [http-nio-8080-exec-6] m.m.a.RequestResponseBodyMethodProcessor : Writing [[]]
2026-02-17T15:22:45.620Z DEBUG 30804 --- [tp_spring_boot] [http-nio-8080-exec-6] o.s.web.servlet.DispatcherServlet        : Completed 200 OK
2026-02-17T15:24:48.221Z DEBUG 30804 --- [tp_spring_boot] [http-nio-8080-exec-9] o.s.web.servlet.DispatcherServlet        : POST "/roles", parameters={}
2026-02-17T15:24:48.222Z DEBUG 30804 --- [tp_spring_boot] [http-nio-8080-exec-9] s.w.s.m.m.a.RequestMappingHandlerMapping : Mapped to com.groupeisi.tp_spring_boot.controller.AppRolesController#createAppRoles(AppRoles)
2026-02-17T15:24:48.342Z DEBUG 30804 --- [tp_spring_boot] [http-nio-8080-exec-9] o.s.web.method.HandlerMethod             : Could not resolve parameter [0] in public com.groupeisi.tp_spring_boot.dto.AppRoles com.groupeisi.tp_spring_boot.controller.AppRolesController.createAppRoles(com.groupeisi.tp_spring_boot.dto.AppRoles): JSON parse error: Cannot map `null` into type `int` (set DeserializationConfig.DeserializationFeature.FAIL_ON_NULL_FOR_PRIMITIVES to 'false' to allow)
2026-02-17T15:24:48.348Z  WARN 30804 --- [tp_spring_boot] [http-nio-8080-exec-9] .w.s.m.s.DefaultHandlerExceptionResolver : Resolved [org.springframework.http.converter.HttpMessageNotReadableException: JSON parse error: Cannot map `null` into type `int` (set DeserializationConfig.DeserializationFeature.FAIL_ON_NULL_FOR_PRIMITIVES to 'false' to allow)]
2026-02-17T15:24:48.349Z DEBUG 30804 --- [tp_spring_boot] [http-nio-8080-exec-9] o.s.web.servlet.DispatcherServlet        : Completed 400 BAD_REQUEST
2026-02-17T15:24:48.351Z DEBUG 30804 --- [tp_spring_boot] [http-nio-8080-exec-9] o.s.web.servlet.DispatcherServlet        : "ERROR" dispatch for GET "/error", parameters={}
2026-02-17T15:24:48.352Z DEBUG 30804 --- [tp_spring_boot] [http-nio-8080-exec-9] s.w.s.m.m.a.RequestMappingHandlerMapping : Mapped to org.springframework.boot.webmvc.autoconfigure.error.BasicErrorController#error(HttpServletRequest)
2026-02-17T15:24:48.353Z DEBUG 30804 --- [tp_spring_boot] [http-nio-8080-exec-9] o.s.w.s.m.m.a.HttpEntityMethodProcessor  : Using 'application/json', given [*/*] and supported [application/json, application/*+json]
2026-02-17T15:24:48.355Z DEBUG 30804 --- [tp_spring_boot] [http-nio-8080-exec-9] o.s.w.s.m.m.a.HttpEntityMethodProcessor  : Writing [{timestamp=Tue Feb 17 15:24:48 UTC 2026, status=400, error=Bad Request, path=/roles}]
2026-02-17T15:24:48.357Z DEBUG 30804 --- [tp_spring_boot] [http-nio-8080-exec-9] o.s.web.servlet.DispatcherServlet        : Exiting from "ERROR" dispatch, status 400
2026-02-17T15:25:38.473Z DEBUG 30804 --- [tp_spring_boot] [http-nio-8080-exec-1] o.s.web.servlet.DispatcherServlet        : POST "/roles", parameters={}
2026-02-17T15:25:38.475Z DEBUG 30804 --- [tp_spring_boot] [http-nio-8080-exec-1] s.w.s.m.m.a.RequestMappingHandlerMapping : Mapped to com.groupeisi.tp_spring_boot.controller.AppRolesController#createAppRoles(AppRoles)
2026-02-17T15:25:38.505Z DEBUG 30804 --- [tp_spring_boot] [http-nio-8080-exec-1] m.m.a.RequestResponseBodyMethodProcessor : Read "application/json;charset=UTF-8" to [AppRoles(id=1, nom=admin)]
2026-02-17T15:25:38.737Z ERROR 30804 --- [tp_spring_boot] [http-nio-8080-exec-1] c.g.tp_spring_boot.config.LoggingAspect  : Exception in com.groupeisi.tp_spring_boot.controller.AppRolesController.createAppRoles() with message = Row was already updated or deleted by another transaction for entity [com.groupeisi.tp_spring_boot.entities.AppRolesEntity with id '1']
2026-02-17T15:25:38.741Z DEBUG 30804 --- [tp_spring_boot] [http-nio-8080-exec-1] o.s.web.servlet.DispatcherServlet        : Failed to complete request: org.springframework.orm.ObjectOptimisticLockingFailureException: Row was already updated or deleted by another transaction for entity [com.groupeisi.tp_spring_boot.entities.AppRolesEntity with id '1']
2026-02-17T15:25:38.746Z ERROR 30804 --- [tp_spring_boot] [http-nio-8080-exec-1] o.a.c.c.C.[.[.[/].[dispatcherServlet]    : Servlet.service() for servlet [dispatcherServlet] in context with path [] threw exception [Request processing failed: org.springframework.orm.ObjectOptimisticLockingFailureException: Row was already updated or deleted by another transaction for entity [com.groupeisi.tp_spring_boot.entities.AppRolesEntity with id '1']] with root cause

org.hibernate.StaleObjectStateException: Row was already updated or deleted by another transaction for entity [com.groupeisi.tp_spring_boot.entities.AppRolesEntity with id '1']
	at org.hibernate.event.internal.DefaultMergeEventListener.entityIsDetached(DefaultMergeEventListener.java:434) ~[hibernate-core-7.2.1.Final.jar:7.2.1.Final]
	at org.hibernate.event.internal.DefaultMergeEventListener.merge(DefaultMergeEventListener.java:192) ~[hibernate-core-7.2.1.Final.jar:7.2.1.Final]
	at org.hibernate.event.internal.DefaultMergeEventListener.doMerge(DefaultMergeEventListener.java:136) ~[hibernate-core-7.2.1.Final.jar:7.2.1.Final]
	at org.hibernate.event.internal.DefaultMergeEventListener.onMerge(DefaultMergeEventListener.java:120) ~[hibernate-core-7.2.1.Final.jar:7.2.1.Final]
	at org.hibernate.event.internal.DefaultMergeEventListener.onMerge(DefaultMergeEventListener.java:77) ~[hibernate-core-7.2.1.Final.jar:7.2.1.Final]
	at org.hibernate.event.service.internal.EventListenerGroupImpl.fireEventOnEachListener(EventListenerGroupImpl.java:138) ~[hibernate-core-7.2.1.Final.jar:7.2.1.Final]
	at org.hibernate.internal.SessionImpl.fireMerge(SessionImpl.java:797) ~[hibernate-core-7.2.1.Final.jar:7.2.1.Final]
	at org.hibernate.internal.SessionImpl.merge(SessionImpl.java:782) ~[hibernate-core-7.2.1.Final.jar:7.2.1.Final]
	at java.base/jdk.internal.reflect.NativeMethodAccessorImpl.invoke0(Native Method) ~[na:na]
	at java.base/jdk.internal.reflect.NativeMethodAccessorImpl.invoke(NativeMethodAccessorImpl.java:77) ~[na:na]
	at java.base/jdk.internal.reflect.DelegatingMethodAccessorImpl.invoke(DelegatingMethodAccessorImpl.java:43) ~[na:na]
	at java.base/java.lang.reflect.Method.invoke(Method.java:569) ~[na:na]
	at org.springframework.orm.jpa.ExtendedEntityManagerCreator$ExtendedEntityManagerInvocationHandler.invoke(ExtendedEntityManagerCreator.java:362) ~[spring-orm-7.0.3.jar:7.0.3]
	at jdk.proxy2/jdk.proxy2.$Proxy148.merge(Unknown Source) ~[na:na]
	at java.base/jdk.internal.reflect.NativeMethodAccessorImpl.invoke0(Native Method) ~[na:na]
	at java.base/jdk.internal.reflect.NativeMethodAccessorImpl.invoke(NativeMethodAccessorImpl.java:77) ~[na:na]
	at java.base/jdk.internal.reflect.DelegatingMethodAccessorImpl.invoke(DelegatingMethodAccessorImpl.java:43) ~[na:na]
	at java.base/java.lang.reflect.Method.invoke(Method.java:569) ~[na:na]
	at org.springframework.orm.jpa.SharedEntityManagerCreator$SharedEntityManagerInvocationHandler.invoke(SharedEntityManagerCreator.java:317) ~[spring-orm-7.0.3.jar:7.0.3]
	at jdk.proxy2/jdk.proxy2.$Proxy148.merge(Unknown Source) ~[na:na]
	at org.springframework.data.jpa.repository.support.SimpleJpaRepository.save(SimpleJpaRepository.java:667) ~[spring-data-jpa-4.0.2.jar:4.0.2]
	at java.base/jdk.internal.reflect.NativeMethodAccessorImpl.invoke0(Native Method) ~[na:na]
	at java.base/jdk.internal.reflect.NativeMethodAccessorImpl.invoke(NativeMethodAccessorImpl.java:77) ~[na:na]
	at java.base/jdk.internal.reflect.DelegatingMethodAccessorImpl.invoke(DelegatingMethodAccessorImpl.java:43) ~[na:na]
	at java.base/java.lang.reflect.Method.invoke(Method.java:569) ~[na:na]
	at org.springframework.aop.support.AopUtils.invokeJoinpointUsingReflection(AopUtils.java:359) ~[spring-aop-7.0.3.jar:7.0.3]
	at org.springframework.data.repository.core.support.RepositoryMethodInvoker$RepositoryFragmentMethodInvoker.lambda$new$0(RepositoryMethodInvoker.java:278) ~[spring-data-commons-4.0.2.jar:4.0.2]
	at org.springframework.data.repository.core.support.RepositoryMethodInvoker.doInvoke(RepositoryMethodInvoker.java:169) ~[spring-data-commons-4.0.2.jar:4.0.2]
	at org.springframework.data.repository.core.support.RepositoryMethodInvoker.invoke(RepositoryMethodInvoker.java:158) ~[spring-data-commons-4.0.2.jar:4.0.2]
	at org.springframework.data.repository.core.support.RepositoryComposition$RepositoryFragments.invoke(RepositoryComposition.java:545) ~[spring-data-commons-4.0.2.jar:4.0.2]
	at org.springframework.data.repository.core.support.RepositoryComposition.invoke(RepositoryComposition.java:290) ~[spring-data-commons-4.0.2.jar:4.0.2]
	at org.springframework.data.repository.core.support.RepositoryFactorySupport$ImplementationMethodExecutionInterceptor.invoke(RepositoryFactorySupport.java:690) ~[spring-data-commons-4.0.2.jar:4.0.2]
	at org.springframework.aop.framework.ReflectiveMethodInvocation.proceed(ReflectiveMethodInvocation.java:179) ~[spring-aop-7.0.3.jar:7.0.3]
	at org.springframework.data.repository.core.support.QueryExecutorMethodInterceptor.doInvoke(QueryExecutorMethodInterceptor.java:171) ~[spring-data-commons-4.0.2.jar:4.0.2]
	at org.springframework.data.repository.core.support.QueryExecutorMethodInterceptor.invoke(QueryExecutorMethodInterceptor.java:146) ~[spring-data-commons-4.0.2.jar:4.0.2]
	at org.springframework.aop.framework.ReflectiveMethodInvocation.proceed(ReflectiveMethodInvocation.java:179) ~[spring-aop-7.0.3.jar:7.0.3]
	at org.springframework.data.projection.DefaultMethodInvokingMethodInterceptor.invoke(DefaultMethodInvokingMethodInterceptor.java:69) ~[spring-data-commons-4.0.2.jar:4.0.2]
	at org.springframework.aop.framework.ReflectiveMethodInvocation.proceed(ReflectiveMethodInvocation.java:179) ~[spring-aop-7.0.3.jar:7.0.3]
	at org.springframework.transaction.interceptor.TransactionInterceptor$1.proceedWithInvocation(TransactionInterceptor.java:133) ~[spring-tx-7.0.3.jar:7.0.3]
	at org.springframework.transaction.interceptor.TransactionAspectSupport.invokeWithinTransaction(TransactionAspectSupport.java:371) ~[spring-tx-7.0.3.jar:7.0.3]
	at org.springframework.transaction.interceptor.TransactionInterceptor.invoke(TransactionInterceptor.java:130) ~[spring-tx-7.0.3.jar:7.0.3]
	at org.springframework.aop.framework.ReflectiveMethodInvocation.proceed(ReflectiveMethodInvocation.java:179) ~[spring-aop-7.0.3.jar:7.0.3]
	at org.springframework.dao.support.PersistenceExceptionTranslationInterceptor.invoke(PersistenceExceptionTranslationInterceptor.java:135) ~[spring-tx-7.0.3.jar:7.0.3]
	at org.springframework.aop.framework.ReflectiveMethodInvocation.proceed(ReflectiveMethodInvocation.java:179) ~[spring-aop-7.0.3.jar:7.0.3]
	at org.springframework.data.jpa.repository.support.CrudMethodMetadataPostProcessor$CrudMethodMetadataPopulatingMethodInterceptor.invoke(CrudMethodMetadataPostProcessor.java:166) ~[spring-data-jpa-4.0.2.jar:4.0.2]
	at org.springframework.aop.framework.ReflectiveMethodInvocation.proceed(ReflectiveMethodInvocation.java:179) ~[spring-aop-7.0.3.jar:7.0.3]
	at org.springframework.aop.framework.JdkDynamicAopProxy.invoke(JdkDynamicAopProxy.java:222) ~[spring-aop-7.0.3.jar:7.0.3]
	at jdk.proxy2/jdk.proxy2.$Proxy161.save(Unknown Source) ~[na:na]
	at com.groupeisi.tp_spring_boot.service.AppRolesService.createAppRoles(AppRolesService.java:52) ~[classes/:na]
	at java.base/jdk.internal.reflect.NativeMethodAccessorImpl.invoke0(Native Method) ~[na:na]
	at java.base/jdk.internal.reflect.NativeMethodAccessorImpl.invoke(NativeMethodAccessorImpl.java:77) ~[na:na]
	at java.base/jdk.internal.reflect.DelegatingMethodAccessorImpl.invoke(DelegatingMethodAccessorImpl.java:43) ~[na:na]
	at java.base/java.lang.reflect.Method.invoke(Method.java:569) ~[na:na]
	at org.springframework.aop.support.AopUtils.invokeJoinpointUsingReflection(AopUtils.java:359) ~[spring-aop-7.0.3.jar:7.0.3]
	at org.springframework.aop.framework.ReflectiveMethodInvocation.invokeJoinpoint(ReflectiveMethodInvocation.java:190) ~[spring-aop-7.0.3.jar:7.0.3]
	at org.springframework.aop.framework.ReflectiveMethodInvocation.proceed(ReflectiveMethodInvocation.java:158) ~[spring-aop-7.0.3.jar:7.0.3]
	at org.springframework.transaction.interceptor.TransactionInterceptor$1.proceedWithInvocation(TransactionInterceptor.java:133) ~[spring-tx-7.0.3.jar:7.0.3]
	at org.springframework.transaction.interceptor.TransactionAspectSupport.invokeWithinTransaction(TransactionAspectSupport.java:371) ~[spring-tx-7.0.3.jar:7.0.3]
	at org.springframework.transaction.interceptor.TransactionInterceptor.invoke(TransactionInterceptor.java:130) ~[spring-tx-7.0.3.jar:7.0.3]
	at org.springframework.aop.framework.ReflectiveMethodInvocation.proceed(ReflectiveMethodInvocation.java:179) ~[spring-aop-7.0.3.jar:7.0.3]
	at org.springframework.aop.framework.CglibAopProxy$DynamicAdvisedInterceptor.intercept(CglibAopProxy.java:719) ~[spring-aop-7.0.3.jar:7.0.3]
	at com.groupeisi.tp_spring_boot.service.AppRolesService$$SpringCGLIB$$0.createAppRoles(<generated>) ~[classes/:na]
	at com.groupeisi.tp_spring_boot.controller.AppRolesController.createAppRoles(AppRolesController.java:31) ~[classes/:na]
	at java.base/jdk.internal.reflect.NativeMethodAccessorImpl.invoke0(Native Method) ~[na:na]
	at java.base/jdk.internal.reflect.NativeMethodAccessorImpl.invoke(NativeMethodAccessorImpl.java:77) ~[na:na]
	at java.base/jdk.internal.reflect.DelegatingMethodAccessorImpl.invoke(DelegatingMethodAccessorImpl.java:43) ~[na:na]
	at java.base/java.lang.reflect.Method.invoke(Method.java:569) ~[na:na]
	at org.springframework.aop.support.AopUtils.invokeJoinpointUsingReflection(AopUtils.java:359) ~[spring-aop-7.0.3.jar:7.0.3]
	at org.springframework.aop.framework.ReflectiveMethodInvocation.invokeJoinpoint(ReflectiveMethodInvocation.java:190) ~[spring-aop-7.0.3.jar:7.0.3]
	at org.springframework.aop.framework.ReflectiveMethodInvocation.proceed(ReflectiveMethodInvocation.java:158) ~[spring-aop-7.0.3.jar:7.0.3]
	at org.springframework.aop.aspectj.AspectJAfterThrowingAdvice.invoke(AspectJAfterThrowingAdvice.java:63) ~[spring-aop-7.0.3.jar:7.0.3]
	at org.springframework.aop.framework.ReflectiveMethodInvocation.proceed(ReflectiveMethodInvocation.java:179) ~[spring-aop-7.0.3.jar:7.0.3]
	at org.springframework.aop.aspectj.MethodInvocationProceedingJoinPoint.proceed(MethodInvocationProceedingJoinPoint.java:82) ~[spring-aop-7.0.3.jar:7.0.3]
	at com.groupeisi.tp_spring_boot.config.LoggingAspect.logAround(LoggingAspect.java:60) ~[classes/:na]
	at java.base/jdk.internal.reflect.NativeMethodAccessorImpl.invoke0(Native Method) ~[na:na]
	at java.base/jdk.internal.reflect.NativeMethodAccessorImpl.invoke(NativeMethodAccessorImpl.java:77) ~[na:na]
	at java.base/jdk.internal.reflect.DelegatingMethodAccessorImpl.invoke(DelegatingMethodAccessorImpl.java:43) ~[na:na]
	at java.base/java.lang.reflect.Method.invoke(Method.java:569) ~[na:na]
	at org.springframework.aop.aspectj.AbstractAspectJAdvice.invokeAdviceMethodWithGivenArgs(AbstractAspectJAdvice.java:648) ~[spring-aop-7.0.3.jar:7.0.3]
	at org.springframework.aop.aspectj.AbstractAspectJAdvice.invokeAdviceMethod(AbstractAspectJAdvice.java:630) ~[spring-aop-7.0.3.jar:7.0.3]
	at org.springframework.aop.aspectj.AspectJAroundAdvice.invoke(AspectJAroundAdvice.java:70) ~[spring-aop-7.0.3.jar:7.0.3]
	at org.springframework.aop.framework.ReflectiveMethodInvocation.proceed(ReflectiveMethodInvocation.java:179) ~[spring-aop-7.0.3.jar:7.0.3]
	at org.springframework.aop.interceptor.ExposeInvocationInterceptor.invoke(ExposeInvocationInterceptor.java:96) ~[spring-aop-7.0.3.jar:7.0.3]
	at org.springframework.aop.framework.ReflectiveMethodInvocation.proceed(ReflectiveMethodInvocation.java:179) ~[spring-aop-7.0.3.jar:7.0.3]
	at org.springframework.aop.framework.CglibAopProxy$DynamicAdvisedInterceptor.intercept(CglibAopProxy.java:719) ~[spring-aop-7.0.3.jar:7.0.3]
	at com.groupeisi.tp_spring_boot.controller.AppRolesController$$SpringCGLIB$$0.createAppRoles(<generated>) ~[classes/:na]
	at java.base/jdk.internal.reflect.NativeMethodAccessorImpl.invoke0(Native Method) ~[na:na]
	at java.base/jdk.internal.reflect.NativeMethodAccessorImpl.invoke(NativeMethodAccessorImpl.java:77) ~[na:na]
	at java.base/jdk.internal.reflect.DelegatingMethodAccessorImpl.invoke(DelegatingMethodAccessorImpl.java:43) ~[na:na]
	at java.base/java.lang.reflect.Method.invoke(Method.java:569) ~[na:na]
	at org.springframework.web.method.support.InvocableHandlerMethod.doInvoke(InvocableHandlerMethod.java:258) ~[spring-web-7.0.3.jar:7.0.3]
	at org.springframework.web.method.support.InvocableHandlerMethod.invokeForRequest(InvocableHandlerMethod.java:190) ~[spring-web-7.0.3.jar:7.0.3]
	at org.springframework.web.servlet.mvc.method.annotation.ServletInvocableHandlerMethod.invokeAndHandle(ServletInvocableHandlerMethod.java:117) ~[spring-webmvc-7.0.3.jar:7.0.3]
	at org.springframework.web.servlet.mvc.method.annotation.RequestMappingHandlerAdapter.invokeHandlerMethod(RequestMappingHandlerAdapter.java:934) ~[spring-webmvc-7.0.3.jar:7.0.3]
	at org.springframework.web.servlet.mvc.method.annotation.RequestMappingHandlerAdapter.handleInternal(RequestMappingHandlerAdapter.java:853) ~[spring-webmvc-7.0.3.jar:7.0.3]
	at org.springframework.web.servlet.mvc.method.AbstractHandlerMethodAdapter.handle(AbstractHandlerMethodAdapter.java:86) ~[spring-webmvc-7.0.3.jar:7.0.3]
	at org.springframework.web.servlet.DispatcherServlet.doDispatch(DispatcherServlet.java:963) ~[spring-webmvc-7.0.3.jar:7.0.3]
	at org.springframework.web.servlet.DispatcherServlet.doService(DispatcherServlet.java:866) ~[spring-webmvc-7.0.3.jar:7.0.3]
	at org.springframework.web.servlet.FrameworkServlet.processRequest(FrameworkServlet.java:1003) ~[spring-webmvc-7.0.3.jar:7.0.3]
	at org.springframework.web.servlet.FrameworkServlet.doPost(FrameworkServlet.java:903) ~[spring-webmvc-7.0.3.jar:7.0.3]
	at jakarta.servlet.http.HttpServlet.service(HttpServlet.java:649) ~[tomcat-embed-core-11.0.15.jar:6.1]
	at org.springframework.web.servlet.FrameworkServlet.service(FrameworkServlet.java:874) ~[spring-webmvc-7.0.3.jar:7.0.3]
	at jakarta.servlet.http.HttpServlet.service(HttpServlet.java:710) ~[tomcat-embed-core-11.0.15.jar:6.1]
	at org.apache.catalina.core.ApplicationFilterChain.doFilter(ApplicationFilterChain.java:128) ~[tomcat-embed-core-11.0.15.jar:11.0.15]
	at org.apache.tomcat.websocket.server.WsFilter.doFilter(WsFilter.java:53) ~[tomcat-embed-websocket-11.0.15.jar:11.0.15]
	at org.apache.catalina.core.ApplicationFilterChain.doFilter(ApplicationFilterChain.java:107) ~[tomcat-embed-core-11.0.15.jar:11.0.15]
	at org.springframework.web.filter.RequestContextFilter.doFilterInternal(RequestContextFilter.java:100) ~[spring-web-7.0.3.jar:7.0.3]
	at org.springframework.web.filter.OncePerRequestFilter.doFilter(OncePerRequestFilter.java:116) ~[spring-web-7.0.3.jar:7.0.3]
	at org.apache.catalina.core.ApplicationFilterChain.doFilter(ApplicationFilterChain.java:107) ~[tomcat-embed-core-11.0.15.jar:11.0.15]
	at org.springframework.web.filter.FormContentFilter.doFilterInternal(FormContentFilter.java:93) ~[spring-web-7.0.3.jar:7.0.3]
	at org.springframework.web.filter.OncePerRequestFilter.doFilter(OncePerRequestFilter.java:116) ~[spring-web-7.0.3.jar:7.0.3]
	at org.apache.catalina.core.ApplicationFilterChain.doFilter(ApplicationFilterChain.java:107) ~[tomcat-embed-core-11.0.15.jar:11.0.15]
	at org.springframework.web.filter.ServerHttpObservationFilter.doFilterInternal(ServerHttpObservationFilter.java:110) ~[spring-web-7.0.3.jar:7.0.3]
	at org.springframework.web.filter.OncePerRequestFilter.doFilter(OncePerRequestFilter.java:116) ~[spring-web-7.0.3.jar:7.0.3]
	at org.apache.catalina.core.ApplicationFilterChain.doFilter(ApplicationFilterChain.java:107) ~[tomcat-embed-core-11.0.15.jar:11.0.15]
	at org.springframework.web.filter.CharacterEncodingFilter.doFilterInternal(CharacterEncodingFilter.java:199) ~[spring-web-7.0.3.jar:7.0.3]
	at org.springframework.web.filter.OncePerRequestFilter.doFilter(OncePerRequestFilter.java:116) ~[spring-web-7.0.3.jar:7.0.3]
	at org.apache.catalina.core.ApplicationFilterChain.doFilter(ApplicationFilterChain.java:107) ~[tomcat-embed-core-11.0.15.jar:11.0.15]
	at org.apache.catalina.core.StandardWrapperValve.invoke(StandardWrapperValve.java:165) ~[tomcat-embed-core-11.0.15.jar:11.0.15]
	at org.apache.catalina.core.StandardContextValve.invoke(StandardContextValve.java:77) ~[tomcat-embed-core-11.0.15.jar:11.0.15]
	at org.apache.catalina.authenticator.AuthenticatorBase.invoke(AuthenticatorBase.java:482) ~[tomcat-embed-core-11.0.15.jar:11.0.15]
	at org.apache.catalina.core.StandardHostValve.invoke(StandardHostValve.java:113) ~[tomcat-embed-core-11.0.15.jar:11.0.15]
	at org.apache.catalina.valves.ErrorReportValve.invoke(ErrorReportValve.java:83) ~[tomcat-embed-core-11.0.15.jar:11.0.15]
	at org.apache.catalina.core.StandardEngineValve.invoke(StandardEngineValve.java:72) ~[tomcat-embed-core-11.0.15.jar:11.0.15]
	at org.apache.catalina.connector.CoyoteAdapter.service(CoyoteAdapter.java:341) ~[tomcat-embed-core-11.0.15.jar:11.0.15]
	at org.apache.coyote.http11.Http11Processor.service(Http11Processor.java:397) ~[tomcat-embed-core-11.0.15.jar:11.0.15]
	at org.apache.coyote.AbstractProcessorLight.process(AbstractProcessorLight.java:63) ~[tomcat-embed-core-11.0.15.jar:11.0.15]
	at org.apache.coyote.AbstractProtocol$ConnectionHandler.process(AbstractProtocol.java:903) ~[tomcat-embed-core-11.0.15.jar:11.0.15]
	at org.apache.tomcat.util.net.NioEndpoint$SocketProcessor.doRun(NioEndpoint.java:1778) ~[tomcat-embed-core-11.0.15.jar:11.0.15]
	at org.apache.tomcat.util.net.SocketProcessorBase.run(SocketProcessorBase.java:52) ~[tomcat-embed-core-11.0.15.jar:11.0.15]
	at org.apache.tomcat.util.threads.ThreadPoolExecutor.runWorker(ThreadPoolExecutor.java:946) ~[tomcat-embed-core-11.0.15.jar:11.0.15]
	at org.apache.tomcat.util.threads.ThreadPoolExecutor$Worker.run(ThreadPoolExecutor.java:480) ~[tomcat-embed-core-11.0.15.jar:11.0.15]
	at org.apache.tomcat.util.threads.TaskThread$WrappingRunnable.run(TaskThread.java:57) ~[tomcat-embed-core-11.0.15.jar:11.0.15]
	at java.base/java.lang.Thread.run(Thread.java:840) ~[na:na]

2026-02-17T15:25:38.772Z DEBUG 30804 --- [tp_spring_boot] [http-nio-8080-exec-1] o.s.web.servlet.DispatcherServlet        : "ERROR" dispatch for GET "/error", parameters={}
2026-02-17T15:25:38.776Z DEBUG 30804 --- [tp_spring_boot] [http-nio-8080-exec-1] s.w.s.m.m.a.RequestMappingHandlerMapping : Mapped to org.springframework.boot.webmvc.autoconfigure.error.BasicErrorController#error(HttpServletRequest)
2026-02-17T15:25:38.779Z DEBUG 30804 --- [tp_spring_boot] [http-nio-8080-exec-1] o.s.w.s.m.m.a.HttpEntityMethodProcessor  : Using 'application/json', given [*/*] and supported [application/json, application/*+json]
2026-02-17T15:25:38.781Z DEBUG 30804 --- [tp_spring_boot] [http-nio-8080-exec-1] o.s.w.s.m.m.a.HttpEntityMethodProcessor  : Writing [{timestamp=Tue Feb 17 15:25:38 UTC 2026, status=500, error=Internal Server Error, path=/roles}]
2026-02-17T15:25:38.785Z DEBUG 30804 --- [tp_spring_boot] [http-nio-8080-exec-1] o.s.web.servlet.DispatcherServlet        : Exiting from "ERROR" dispatch, status 500
2026-02-17T15:27:01.432Z DEBUG 30804 --- [tp_spring_boot] [http-nio-8080-exec-3] o.s.web.servlet.DispatcherServlet        : POST "/roles", parameters={}
2026-02-17T15:27:01.433Z DEBUG 30804 --- [tp_spring_boot] [http-nio-8080-exec-3] s.w.s.m.m.a.RequestMappingHandlerMapping : Mapped to com.groupeisi.tp_spring_boot.controller.AppRolesController#createAppRoles(AppRoles)
2026-02-17T15:27:01.436Z DEBUG 30804 --- [tp_spring_boot] [http-nio-8080-exec-3] m.m.a.RequestResponseBodyMethodProcessor : Read "application/json;charset=UTF-8" to [AppRoles(id=10, nom=admin)]
2026-02-17T15:27:01.464Z ERROR 30804 --- [tp_spring_boot] [http-nio-8080-exec-3] c.g.tp_spring_boot.config.LoggingAspect  : Exception in com.groupeisi.tp_spring_boot.controller.AppRolesController.createAppRoles() with message = Row was already updated or deleted by another transaction for entity [com.groupeisi.tp_spring_boot.entities.AppRolesEntity with id '10']
2026-02-17T15:27:01.466Z DEBUG 30804 --- [tp_spring_boot] [http-nio-8080-exec-3] o.s.web.servlet.DispatcherServlet        : Failed to complete request: org.springframework.orm.ObjectOptimisticLockingFailureException: Row was already updated or deleted by another transaction for entity [com.groupeisi.tp_spring_boot.entities.AppRolesEntity with id '10']
2026-02-17T15:27:01.468Z ERROR 30804 --- [tp_spring_boot] [http-nio-8080-exec-3] o.a.c.c.C.[.[.[/].[dispatcherServlet]    : Servlet.service() for servlet [dispatcherServlet] in context with path [] threw exception [Request processing failed: org.springframework.orm.ObjectOptimisticLockingFailureException: Row was already updated or deleted by another transaction for entity [com.groupeisi.tp_spring_boot.entities.AppRolesEntity with id '10']] with root cause

org.hibernate.StaleObjectStateException: Row was already updated or deleted by another transaction for entity [com.groupeisi.tp_spring_boot.entities.AppRolesEntity with id '10']
	at org.hibernate.event.internal.DefaultMergeEventListener.entityIsDetached(DefaultMergeEventListener.java:434) ~[hibernate-core-7.2.1.Final.jar:7.2.1.Final]
	at org.hibernate.event.internal.DefaultMergeEventListener.merge(DefaultMergeEventListener.java:192) ~[hibernate-core-7.2.1.Final.jar:7.2.1.Final]
	at org.hibernate.event.internal.DefaultMergeEventListener.doMerge(DefaultMergeEventListener.java:136) ~[hibernate-core-7.2.1.Final.jar:7.2.1.Final]
	at org.hibernate.event.internal.DefaultMergeEventListener.onMerge(DefaultMergeEventListener.java:120) ~[hibernate-core-7.2.1.Final.jar:7.2.1.Final]
	at org.hibernate.event.internal.DefaultMergeEventListener.onMerge(DefaultMergeEventListener.java:77) ~[hibernate-core-7.2.1.Final.jar:7.2.1.Final]
	at org.hibernate.event.service.internal.EventListenerGroupImpl.fireEventOnEachListener(EventListenerGroupImpl.java:138) ~[hibernate-core-7.2.1.Final.jar:7.2.1.Final]
	at org.hibernate.internal.SessionImpl.fireMerge(SessionImpl.java:797) ~[hibernate-core-7.2.1.Final.jar:7.2.1.Final]
	at org.hibernate.internal.SessionImpl.merge(SessionImpl.java:782) ~[hibernate-core-7.2.1.Final.jar:7.2.1.Final]
	at java.base/jdk.internal.reflect.NativeMethodAccessorImpl.invoke0(Native Method) ~[na:na]
	at java.base/jdk.internal.reflect.NativeMethodAccessorImpl.invoke(NativeMethodAccessorImpl.java:77) ~[na:na]
	at java.base/jdk.internal.reflect.DelegatingMethodAccessorImpl.invoke(DelegatingMethodAccessorImpl.java:43) ~[na:na]
	at java.base/java.lang.reflect.Method.invoke(Method.java:569) ~[na:na]
	at org.springframework.orm.jpa.ExtendedEntityManagerCreator$ExtendedEntityManagerInvocationHandler.invoke(ExtendedEntityManagerCreator.java:362) ~[spring-orm-7.0.3.jar:7.0.3]
	at jdk.proxy2/jdk.proxy2.$Proxy148.merge(Unknown Source) ~[na:na]
	at java.base/jdk.internal.reflect.NativeMethodAccessorImpl.invoke0(Native Method) ~[na:na]
	at java.base/jdk.internal.reflect.NativeMethodAccessorImpl.invoke(NativeMethodAccessorImpl.java:77) ~[na:na]
	at java.base/jdk.internal.reflect.DelegatingMethodAccessorImpl.invoke(DelegatingMethodAccessorImpl.java:43) ~[na:na]
	at java.base/java.lang.reflect.Method.invoke(Method.java:569) ~[na:na]
	at org.springframework.orm.jpa.SharedEntityManagerCreator$SharedEntityManagerInvocationHandler.invoke(SharedEntityManagerCreator.java:317) ~[spring-orm-7.0.3.jar:7.0.3]
	at jdk.proxy2/jdk.proxy2.$Proxy148.merge(Unknown Source) ~[na:na]
	at org.springframework.data.jpa.repository.support.SimpleJpaRepository.save(SimpleJpaRepository.java:667) ~[spring-data-jpa-4.0.2.jar:4.0.2]
	at java.base/jdk.internal.reflect.NativeMethodAccessorImpl.invoke0(Native Method) ~[na:na]
	at java.base/jdk.internal.reflect.NativeMethodAccessorImpl.invoke(NativeMethodAccessorImpl.java:77) ~[na:na]
	at java.base/jdk.internal.reflect.DelegatingMethodAccessorImpl.invoke(DelegatingMethodAccessorImpl.java:43) ~[na:na]
	at java.base/java.lang.reflect.Method.invoke(Method.java:569) ~[na:na]
	at org.springframework.aop.support.AopUtils.invokeJoinpointUsingReflection(AopUtils.java:359) ~[spring-aop-7.0.3.jar:7.0.3]
	at org.springframework.data.repository.core.support.RepositoryMethodInvoker$RepositoryFragmentMethodInvoker.lambda$new$0(RepositoryMethodInvoker.java:278) ~[spring-data-commons-4.0.2.jar:4.0.2]
	at org.springframework.data.repository.core.support.RepositoryMethodInvoker.doInvoke(RepositoryMethodInvoker.java:169) ~[spring-data-commons-4.0.2.jar:4.0.2]
	at org.springframework.data.repository.core.support.RepositoryMethodInvoker.invoke(RepositoryMethodInvoker.java:158) ~[spring-data-commons-4.0.2.jar:4.0.2]
	at org.springframework.data.repository.core.support.RepositoryComposition$RepositoryFragments.invoke(RepositoryComposition.java:545) ~[spring-data-commons-4.0.2.jar:4.0.2]
	at org.springframework.data.repository.core.support.RepositoryComposition.invoke(RepositoryComposition.java:290) ~[spring-data-commons-4.0.2.jar:4.0.2]
	at org.springframework.data.repository.core.support.RepositoryFactorySupport$ImplementationMethodExecutionInterceptor.invoke(RepositoryFactorySupport.java:690) ~[spring-data-commons-4.0.2.jar:4.0.2]
	at org.springframework.aop.framework.ReflectiveMethodInvocation.proceed(ReflectiveMethodInvocation.java:179) ~[spring-aop-7.0.3.jar:7.0.3]
	at org.springframework.data.repository.core.support.QueryExecutorMethodInterceptor.doInvoke(QueryExecutorMethodInterceptor.java:171) ~[spring-data-commons-4.0.2.jar:4.0.2]
	at org.springframework.data.repository.core.support.QueryExecutorMethodInterceptor.invoke(QueryExecutorMethodInterceptor.java:146) ~[spring-data-commons-4.0.2.jar:4.0.2]
	at org.springframework.aop.framework.ReflectiveMethodInvocation.proceed(ReflectiveMethodInvocation.java:179) ~[spring-aop-7.0.3.jar:7.0.3]
	at org.springframework.data.projection.DefaultMethodInvokingMethodInterceptor.invoke(DefaultMethodInvokingMethodInterceptor.java:69) ~[spring-data-commons-4.0.2.jar:4.0.2]
	at org.springframework.aop.framework.ReflectiveMethodInvocation.proceed(ReflectiveMethodInvocation.java:179) ~[spring-aop-7.0.3.jar:7.0.3]
	at org.springframework.transaction.interceptor.TransactionInterceptor$1.proceedWithInvocation(TransactionInterceptor.java:133) ~[spring-tx-7.0.3.jar:7.0.3]
	at org.springframework.transaction.interceptor.TransactionAspectSupport.invokeWithinTransaction(TransactionAspectSupport.java:371) ~[spring-tx-7.0.3.jar:7.0.3]
	at org.springframework.transaction.interceptor.TransactionInterceptor.invoke(TransactionInterceptor.java:130) ~[spring-tx-7.0.3.jar:7.0.3]
	at org.springframework.aop.framework.ReflectiveMethodInvocation.proceed(ReflectiveMethodInvocation.java:179) ~[spring-aop-7.0.3.jar:7.0.3]
	at org.springframework.dao.support.PersistenceExceptionTranslationInterceptor.invoke(PersistenceExceptionTranslationInterceptor.java:135) ~[spring-tx-7.0.3.jar:7.0.3]
	at org.springframework.aop.framework.ReflectiveMethodInvocation.proceed(ReflectiveMethodInvocation.java:179) ~[spring-aop-7.0.3.jar:7.0.3]
	at org.springframework.data.jpa.repository.support.CrudMethodMetadataPostProcessor$CrudMethodMetadataPopulatingMethodInterceptor.invoke(CrudMethodMetadataPostProcessor.java:166) ~[spring-data-jpa-4.0.2.jar:4.0.2]
	at org.springframework.aop.framework.ReflectiveMethodInvocation.proceed(ReflectiveMethodInvocation.java:179) ~[spring-aop-7.0.3.jar:7.0.3]
	at org.springframework.aop.framework.JdkDynamicAopProxy.invoke(JdkDynamicAopProxy.java:222) ~[spring-aop-7.0.3.jar:7.0.3]
	at jdk.proxy2/jdk.proxy2.$Proxy161.save(Unknown Source) ~[na:na]
	at com.groupeisi.tp_spring_boot.service.AppRolesService.createAppRoles(AppRolesService.java:52) ~[classes/:na]
	at java.base/jdk.internal.reflect.NativeMethodAccessorImpl.invoke0(Native Method) ~[na:na]
	at java.base/jdk.internal.reflect.NativeMethodAccessorImpl.invoke(NativeMethodAccessorImpl.java:77) ~[na:na]
	at java.base/jdk.internal.reflect.DelegatingMethodAccessorImpl.invoke(DelegatingMethodAccessorImpl.java:43) ~[na:na]
	at java.base/java.lang.reflect.Method.invoke(Method.java:569) ~[na:na]
	at org.springframework.aop.support.AopUtils.invokeJoinpointUsingReflection(AopUtils.java:359) ~[spring-aop-7.0.3.jar:7.0.3]
	at org.springframework.aop.framework.ReflectiveMethodInvocation.invokeJoinpoint(ReflectiveMethodInvocation.java:190) ~[spring-aop-7.0.3.jar:7.0.3]
	at org.springframework.aop.framework.ReflectiveMethodInvocation.proceed(ReflectiveMethodInvocation.java:158) ~[spring-aop-7.0.3.jar:7.0.3]
	at org.springframework.transaction.interceptor.TransactionInterceptor$1.proceedWithInvocation(TransactionInterceptor.java:133) ~[spring-tx-7.0.3.jar:7.0.3]
	at org.springframework.transaction.interceptor.TransactionAspectSupport.invokeWithinTransaction(TransactionAspectSupport.java:371) ~[spring-tx-7.0.3.jar:7.0.3]
	at org.springframework.transaction.interceptor.TransactionInterceptor.invoke(TransactionInterceptor.java:130) ~[spring-tx-7.0.3.jar:7.0.3]
	at org.springframework.aop.framework.ReflectiveMethodInvocation.proceed(ReflectiveMethodInvocation.java:179) ~[spring-aop-7.0.3.jar:7.0.3]
	at org.springframework.aop.framework.CglibAopProxy$DynamicAdvisedInterceptor.intercept(CglibAopProxy.java:719) ~[spring-aop-7.0.3.jar:7.0.3]
	at com.groupeisi.tp_spring_boot.service.AppRolesService$$SpringCGLIB$$0.createAppRoles(<generated>) ~[classes/:na]
	at com.groupeisi.tp_spring_boot.controller.AppRolesController.createAppRoles(AppRolesController.java:31) ~[classes/:na]
	at java.base/jdk.internal.reflect.NativeMethodAccessorImpl.invoke0(Native Method) ~[na:na]
	at java.base/jdk.internal.reflect.NativeMethodAccessorImpl.invoke(NativeMethodAccessorImpl.java:77) ~[na:na]
	at java.base/jdk.internal.reflect.DelegatingMethodAccessorImpl.invoke(DelegatingMethodAccessorImpl.java:43) ~[na:na]
	at java.base/java.lang.reflect.Method.invoke(Method.java:569) ~[na:na]
	at org.springframework.aop.support.AopUtils.invokeJoinpointUsingReflection(AopUtils.java:359) ~[spring-aop-7.0.3.jar:7.0.3]
	at org.springframework.aop.framework.ReflectiveMethodInvocation.invokeJoinpoint(ReflectiveMethodInvocation.java:190) ~[spring-aop-7.0.3.jar:7.0.3]
	at org.springframework.aop.framework.ReflectiveMethodInvocation.proceed(ReflectiveMethodInvocation.java:158) ~[spring-aop-7.0.3.jar:7.0.3]
	at org.springframework.aop.aspectj.AspectJAfterThrowingAdvice.invoke(AspectJAfterThrowingAdvice.java:63) ~[spring-aop-7.0.3.jar:7.0.3]
	at org.springframework.aop.framework.ReflectiveMethodInvocation.proceed(ReflectiveMethodInvocation.java:179) ~[spring-aop-7.0.3.jar:7.0.3]
	at org.springframework.aop.aspectj.MethodInvocationProceedingJoinPoint.proceed(MethodInvocationProceedingJoinPoint.java:82) ~[spring-aop-7.0.3.jar:7.0.3]
	at com.groupeisi.tp_spring_boot.config.LoggingAspect.logAround(LoggingAspect.java:60) ~[classes/:na]
	at java.base/jdk.internal.reflect.NativeMethodAccessorImpl.invoke0(Native Method) ~[na:na]
	at java.base/jdk.internal.reflect.NativeMethodAccessorImpl.invoke(NativeMethodAccessorImpl.java:77) ~[na:na]
	at java.base/jdk.internal.reflect.DelegatingMethodAccessorImpl.invoke(DelegatingMethodAccessorImpl.java:43) ~[na:na]
	at java.base/java.lang.reflect.Method.invoke(Method.java:569) ~[na:na]
	at org.springframework.aop.aspectj.AbstractAspectJAdvice.invokeAdviceMethodWithGivenArgs(AbstractAspectJAdvice.java:648) ~[spring-aop-7.0.3.jar:7.0.3]
	at org.springframework.aop.aspectj.AbstractAspectJAdvice.invokeAdviceMethod(AbstractAspectJAdvice.java:630) ~[spring-aop-7.0.3.jar:7.0.3]
	at org.springframework.aop.aspectj.AspectJAroundAdvice.invoke(AspectJAroundAdvice.java:70) ~[spring-aop-7.0.3.jar:7.0.3]
	at org.springframework.aop.framework.ReflectiveMethodInvocation.proceed(ReflectiveMethodInvocation.java:179) ~[spring-aop-7.0.3.jar:7.0.3]
	at org.springframework.aop.interceptor.ExposeInvocationInterceptor.invoke(ExposeInvocationInterceptor.java:96) ~[spring-aop-7.0.3.jar:7.0.3]
	at org.springframework.aop.framework.ReflectiveMethodInvocation.proceed(ReflectiveMethodInvocation.java:179) ~[spring-aop-7.0.3.jar:7.0.3]
	at org.springframework.aop.framework.CglibAopProxy$DynamicAdvisedInterceptor.intercept(CglibAopProxy.java:719) ~[spring-aop-7.0.3.jar:7.0.3]
	at com.groupeisi.tp_spring_boot.controller.AppRolesController$$SpringCGLIB$$0.createAppRoles(<generated>) ~[classes/:na]
	at java.base/jdk.internal.reflect.NativeMethodAccessorImpl.invoke0(Native Method) ~[na:na]
	at java.base/jdk.internal.reflect.NativeMethodAccessorImpl.invoke(NativeMethodAccessorImpl.java:77) ~[na:na]
	at java.base/jdk.internal.reflect.DelegatingMethodAccessorImpl.invoke(DelegatingMethodAccessorImpl.java:43) ~[na:na]
	at java.base/java.lang.reflect.Method.invoke(Method.java:569) ~[na:na]
	at org.springframework.web.method.support.InvocableHandlerMethod.doInvoke(InvocableHandlerMethod.java:258) ~[spring-web-7.0.3.jar:7.0.3]
	at org.springframework.web.method.support.InvocableHandlerMethod.invokeForRequest(InvocableHandlerMethod.java:190) ~[spring-web-7.0.3.jar:7.0.3]
	at org.springframework.web.servlet.mvc.method.annotation.ServletInvocableHandlerMethod.invokeAndHandle(ServletInvocableHandlerMethod.java:117) ~[spring-webmvc-7.0.3.jar:7.0.3]
	at org.springframework.web.servlet.mvc.method.annotation.RequestMappingHandlerAdapter.invokeHandlerMethod(RequestMappingHandlerAdapter.java:934) ~[spring-webmvc-7.0.3.jar:7.0.3]
	at org.springframework.web.servlet.mvc.method.annotation.RequestMappingHandlerAdapter.handleInternal(RequestMappingHandlerAdapter.java:853) ~[spring-webmvc-7.0.3.jar:7.0.3]
	at org.springframework.web.servlet.mvc.method.AbstractHandlerMethodAdapter.handle(AbstractHandlerMethodAdapter.java:86) ~[spring-webmvc-7.0.3.jar:7.0.3]
	at org.springframework.web.servlet.DispatcherServlet.doDispatch(DispatcherServlet.java:963) ~[spring-webmvc-7.0.3.jar:7.0.3]
	at org.springframework.web.servlet.DispatcherServlet.doService(DispatcherServlet.java:866) ~[spring-webmvc-7.0.3.jar:7.0.3]
	at org.springframework.web.servlet.FrameworkServlet.processRequest(FrameworkServlet.java:1003) ~[spring-webmvc-7.0.3.jar:7.0.3]
	at org.springframework.web.servlet.FrameworkServlet.doPost(FrameworkServlet.java:903) ~[spring-webmvc-7.0.3.jar:7.0.3]
	at jakarta.servlet.http.HttpServlet.service(HttpServlet.java:649) ~[tomcat-embed-core-11.0.15.jar:6.1]
	at org.springframework.web.servlet.FrameworkServlet.service(FrameworkServlet.java:874) ~[spring-webmvc-7.0.3.jar:7.0.3]
	at jakarta.servlet.http.HttpServlet.service(HttpServlet.java:710) ~[tomcat-embed-core-11.0.15.jar:6.1]
	at org.apache.catalina.core.ApplicationFilterChain.doFilter(ApplicationFilterChain.java:128) ~[tomcat-embed-core-11.0.15.jar:11.0.15]
	at org.apache.tomcat.websocket.server.WsFilter.doFilter(WsFilter.java:53) ~[tomcat-embed-websocket-11.0.15.jar:11.0.15]
	at org.apache.catalina.core.ApplicationFilterChain.doFilter(ApplicationFilterChain.java:107) ~[tomcat-embed-core-11.0.15.jar:11.0.15]
	at org.springframework.web.filter.RequestContextFilter.doFilterInternal(RequestContextFilter.java:100) ~[spring-web-7.0.3.jar:7.0.3]
	at org.springframework.web.filter.OncePerRequestFilter.doFilter(OncePerRequestFilter.java:116) ~[spring-web-7.0.3.jar:7.0.3]
	at org.apache.catalina.core.ApplicationFilterChain.doFilter(ApplicationFilterChain.java:107) ~[tomcat-embed-core-11.0.15.jar:11.0.15]
	at org.springframework.web.filter.FormContentFilter.doFilterInternal(FormContentFilter.java:93) ~[spring-web-7.0.3.jar:7.0.3]
	at org.springframework.web.filter.OncePerRequestFilter.doFilter(OncePerRequestFilter.java:116) ~[spring-web-7.0.3.jar:7.0.3]
	at org.apache.catalina.core.ApplicationFilterChain.doFilter(ApplicationFilterChain.java:107) ~[tomcat-embed-core-11.0.15.jar:11.0.15]
	at org.springframework.web.filter.ServerHttpObservationFilter.doFilterInternal(ServerHttpObservationFilter.java:110) ~[spring-web-7.0.3.jar:7.0.3]
	at org.springframework.web.filter.OncePerRequestFilter.doFilter(OncePerRequestFilter.java:116) ~[spring-web-7.0.3.jar:7.0.3]
	at org.apache.catalina.core.ApplicationFilterChain.doFilter(ApplicationFilterChain.java:107) ~[tomcat-embed-core-11.0.15.jar:11.0.15]
	at org.springframework.web.filter.CharacterEncodingFilter.doFilterInternal(CharacterEncodingFilter.java:199) ~[spring-web-7.0.3.jar:7.0.3]
	at org.springframework.web.filter.OncePerRequestFilter.doFilter(OncePerRequestFilter.java:116) ~[spring-web-7.0.3.jar:7.0.3]
	at org.apache.catalina.core.ApplicationFilterChain.doFilter(ApplicationFilterChain.java:107) ~[tomcat-embed-core-11.0.15.jar:11.0.15]
	at org.apache.catalina.core.StandardWrapperValve.invoke(StandardWrapperValve.java:165) ~[tomcat-embed-core-11.0.15.jar:11.0.15]
	at org.apache.catalina.core.StandardContextValve.invoke(StandardContextValve.java:77) ~[tomcat-embed-core-11.0.15.jar:11.0.15]
	at org.apache.catalina.authenticator.AuthenticatorBase.invoke(AuthenticatorBase.java:482) ~[tomcat-embed-core-11.0.15.jar:11.0.15]
	at org.apache.catalina.core.StandardHostValve.invoke(StandardHostValve.java:113) ~[tomcat-embed-core-11.0.15.jar:11.0.15]
	at org.apache.catalina.valves.ErrorReportValve.invoke(ErrorReportValve.java:83) ~[tomcat-embed-core-11.0.15.jar:11.0.15]
	at org.apache.catalina.core.StandardEngineValve.invoke(StandardEngineValve.java:72) ~[tomcat-embed-core-11.0.15.jar:11.0.15]
	at org.apache.catalina.connector.CoyoteAdapter.service(CoyoteAdapter.java:341) ~[tomcat-embed-core-11.0.15.jar:11.0.15]
	at org.apache.coyote.http11.Http11Processor.service(Http11Processor.java:397) ~[tomcat-embed-core-11.0.15.jar:11.0.15]
	at org.apache.coyote.AbstractProcessorLight.process(AbstractProcessorLight.java:63) ~[tomcat-embed-core-11.0.15.jar:11.0.15]
	at org.apache.coyote.AbstractProtocol$ConnectionHandler.process(AbstractProtocol.java:903) ~[tomcat-embed-core-11.0.15.jar:11.0.15]
	at org.apache.tomcat.util.net.NioEndpoint$SocketProcessor.doRun(NioEndpoint.java:1778) ~[tomcat-embed-core-11.0.15.jar:11.0.15]
	at org.apache.tomcat.util.net.SocketProcessorBase.run(SocketProcessorBase.java:52) ~[tomcat-embed-core-11.0.15.jar:11.0.15]
	at org.apache.tomcat.util.threads.ThreadPoolExecutor.runWorker(ThreadPoolExecutor.java:946) ~[tomcat-embed-core-11.0.15.jar:11.0.15]
	at org.apache.tomcat.util.threads.ThreadPoolExecutor$Worker.run(ThreadPoolExecutor.java:480) ~[tomcat-embed-core-11.0.15.jar:11.0.15]
	at org.apache.tomcat.util.threads.TaskThread$WrappingRunnable.run(TaskThread.java:57) ~[tomcat-embed-core-11.0.15.jar:11.0.15]
	at java.base/java.lang.Thread.run(Thread.java:840) ~[na:na]

2026-02-17T15:27:01.474Z DEBUG 30804 --- [tp_spring_boot] [http-nio-8080-exec-3] o.s.web.servlet.DispatcherServlet        : "ERROR" dispatch for GET "/error", parameters={}
2026-02-17T15:27:01.476Z DEBUG 30804 --- [tp_spring_boot] [http-nio-8080-exec-3] s.w.s.m.m.a.RequestMappingHandlerMapping : Mapped to org.springframework.boot.webmvc.autoconfigure.error.BasicErrorController#error(HttpServletRequest)
2026-02-17T15:27:01.477Z DEBUG 30804 --- [tp_spring_boot] [http-nio-8080-exec-3] o.s.w.s.m.m.a.HttpEntityMethodProcessor  : Using 'application/json', given [*/*] and supported [application/json, application/*+json]
2026-02-17T15:27:01.478Z DEBUG 30804 --- [tp_spring_boot] [http-nio-8080-exec-3] o.s.w.s.m.m.a.HttpEntityMethodProcessor  : Writing [{timestamp=Tue Feb 17 15:27:01 UTC 2026, status=500, error=Internal Server Error, path=/roles}]
2026-02-17T15:27:01.480Z DEBUG 30804 --- [tp_spring_boot] [http-nio-8080-exec-3] o.s.web.servlet.DispatcherServlet        : Exiting from "ERROR" dispatch, status 500
2026-02-17T15:28:33.660Z DEBUG 30804 --- [tp_spring_boot] [http-nio-8080-exec-5] o.s.web.servlet.DispatcherServlet        : POST "/roles", parameters={}
2026-02-17T15:28:33.661Z DEBUG 30804 --- [tp_spring_boot] [http-nio-8080-exec-5] s.w.s.m.m.a.RequestMappingHandlerMapping : Mapped to com.groupeisi.tp_spring_boot.controller.AppRolesController#createAppRoles(AppRoles)
2026-02-17T15:28:33.664Z DEBUG 30804 --- [tp_spring_boot] [http-nio-8080-exec-5] o.s.web.method.HandlerMethod             : Could not resolve parameter [0] in public com.groupeisi.tp_spring_boot.dto.AppRoles com.groupeisi.tp_spring_boot.controller.AppRolesController.createAppRoles(com.groupeisi.tp_spring_boot.dto.AppRoles): JSON parse error: Cannot map `null` into type `int` (set DeserializationConfig.DeserializationFeature.FAIL_ON_NULL_FOR_PRIMITIVES to 'false' to allow)
2026-02-17T15:28:33.665Z  WARN 30804 --- [tp_spring_boot] [http-nio-8080-exec-5] .w.s.m.s.DefaultHandlerExceptionResolver : Resolved [org.springframework.http.converter.HttpMessageNotReadableException: JSON parse error: Cannot map `null` into type `int` (set DeserializationConfig.DeserializationFeature.FAIL_ON_NULL_FOR_PRIMITIVES to 'false' to allow)]
2026-02-17T15:28:33.665Z DEBUG 30804 --- [tp_spring_boot] [http-nio-8080-exec-5] o.s.web.servlet.DispatcherServlet        : Completed 400 BAD_REQUEST
2026-02-17T15:28:33.666Z DEBUG 30804 --- [tp_spring_boot] [http-nio-8080-exec-5] o.s.web.servlet.DispatcherServlet        : "ERROR" dispatch for GET "/error", parameters={}
2026-02-17T15:28:33.667Z DEBUG 30804 --- [tp_spring_boot] [http-nio-8080-exec-5] s.w.s.m.m.a.RequestMappingHandlerMapping : Mapped to org.springframework.boot.webmvc.autoconfigure.error.BasicErrorController#error(HttpServletRequest)
2026-02-17T15:28:33.669Z DEBUG 30804 --- [tp_spring_boot] [http-nio-8080-exec-5] o.s.w.s.m.m.a.HttpEntityMethodProcessor  : Using 'application/json', given [*/*] and supported [application/json, application/*+json]
2026-02-17T15:28:33.670Z DEBUG 30804 --- [tp_spring_boot] [http-nio-8080-exec-5] o.s.w.s.m.m.a.HttpEntityMethodProcessor  : Writing [{timestamp=Tue Feb 17 15:28:33 UTC 2026, status=400, error=Bad Request, path=/roles}]
2026-02-17T15:28:33.673Z DEBUG 30804 --- [tp_spring_boot] [http-nio-8080-exec-5] o.s.web.servlet.DispatcherServlet        : Exiting from "ERROR" dispatch, status 400
2026-02-17T15:30:43.924Z DEBUG 30804 --- [tp_spring_boot] [http-nio-8080-exec-7] o.s.web.servlet.DispatcherServlet        : POST "/roles", parameters={}
2026-02-17T15:30:43.925Z DEBUG 30804 --- [tp_spring_boot] [http-nio-8080-exec-7] s.w.s.m.m.a.RequestMappingHandlerMapping : Mapped to com.groupeisi.tp_spring_boot.controller.AppRolesController#createAppRoles(AppRoles)
2026-02-17T15:30:43.928Z DEBUG 30804 --- [tp_spring_boot] [http-nio-8080-exec-7] o.s.web.method.HandlerMethod             : Could not resolve parameter [0] in public com.groupeisi.tp_spring_boot.dto.AppRoles com.groupeisi.tp_spring_boot.controller.AppRolesController.createAppRoles(com.groupeisi.tp_spring_boot.dto.AppRoles): JSON parse error: Cannot map `null` into type `int` (set DeserializationConfig.DeserializationFeature.FAIL_ON_NULL_FOR_PRIMITIVES to 'false' to allow)
2026-02-17T15:30:43.929Z  WARN 30804 --- [tp_spring_boot] [http-nio-8080-exec-7] .w.s.m.s.DefaultHandlerExceptionResolver : Resolved [org.springframework.http.converter.HttpMessageNotReadableException: JSON parse error: Cannot map `null` into type `int` (set DeserializationConfig.DeserializationFeature.FAIL_ON_NULL_FOR_PRIMITIVES to 'false' to allow)]
2026-02-17T15:30:43.930Z DEBUG 30804 --- [tp_spring_boot] [http-nio-8080-exec-7] o.s.web.servlet.DispatcherServlet        : Completed 400 BAD_REQUEST
2026-02-17T15:30:43.931Z DEBUG 30804 --- [tp_spring_boot] [http-nio-8080-exec-7] o.s.web.servlet.DispatcherServlet        : "ERROR" dispatch for GET "/error", parameters={}
2026-02-17T15:30:43.932Z DEBUG 30804 --- [tp_spring_boot] [http-nio-8080-exec-7] s.w.s.m.m.a.RequestMappingHandlerMapping : Mapped to org.springframework.boot.webmvc.autoconfigure.error.BasicErrorController#error(HttpServletRequest)
2026-02-17T15:30:43.934Z DEBUG 30804 --- [tp_spring_boot] [http-nio-8080-exec-7] o.s.w.s.m.m.a.HttpEntityMethodProcessor  : Using 'application/json', given [*/*] and supported [application/json, application/*+json]
2026-02-17T15:30:43.934Z DEBUG 30804 --- [tp_spring_boot] [http-nio-8080-exec-7] o.s.w.s.m.m.a.HttpEntityMethodProcessor  : Writing [{timestamp=Tue Feb 17 15:30:43 UTC 2026, status=400, error=Bad Request, path=/roles}]
2026-02-17T15:30:43.937Z DEBUG 30804 --- [tp_spring_boot] [http-nio-8080-exec-7] o.s.web.servlet.DispatcherServlet        : Exiting from "ERROR" dispatch, status 400
2026-02-17T15:30:50.981Z DEBUG 30804 --- [tp_spring_boot] [http-nio-8080-exec-9] o.s.web.servlet.DispatcherServlet        : GET "/roles", parameters={}
2026-02-17T15:30:50.983Z DEBUG 30804 --- [tp_spring_boot] [http-nio-8080-exec-9] s.w.s.m.m.a.RequestMappingHandlerMapping : Mapped to com.groupeisi.tp_spring_boot.controller.AppRolesController#getAppRoles()
2026-02-17T15:30:51.015Z DEBUG 30804 --- [tp_spring_boot] [http-nio-8080-exec-9] m.m.a.RequestResponseBodyMethodProcessor : Using 'application/json', given [*/*] and supported [application/json, application/*+json]
2026-02-17T15:30:51.016Z DEBUG 30804 --- [tp_spring_boot] [http-nio-8080-exec-9] m.m.a.RequestResponseBodyMethodProcessor : Writing [[]]
2026-02-17T15:30:51.019Z DEBUG 30804 --- [tp_spring_boot] [http-nio-8080-exec-9] o.s.web.servlet.DispatcherServlet        : Completed 200 OK
2026-02-17T15:30:56.659Z DEBUG 30804 --- [tp_spring_boot] [http-nio-8080-exec-10] o.s.web.servlet.DispatcherServlet        : POST "/roles", parameters={}
2026-02-17T15:30:56.660Z DEBUG 30804 --- [tp_spring_boot] [http-nio-8080-exec-10] s.w.s.m.m.a.RequestMappingHandlerMapping : Mapped to com.groupeisi.tp_spring_boot.controller.AppRolesController#createAppRoles(AppRoles)
2026-02-17T15:30:56.662Z DEBUG 30804 --- [tp_spring_boot] [http-nio-8080-exec-10] o.s.web.method.HandlerMethod             : Could not resolve parameter [0] in public com.groupeisi.tp_spring_boot.dto.AppRoles com.groupeisi.tp_spring_boot.controller.AppRolesController.createAppRoles(com.groupeisi.tp_spring_boot.dto.AppRoles): JSON parse error: Cannot map `null` into type `int` (set DeserializationConfig.DeserializationFeature.FAIL_ON_NULL_FOR_PRIMITIVES to 'false' to allow)
2026-02-17T15:30:56.662Z  WARN 30804 --- [tp_spring_boot] [http-nio-8080-exec-10] .w.s.m.s.DefaultHandlerExceptionResolver : Resolved [org.springframework.http.converter.HttpMessageNotReadableException: JSON parse error: Cannot map `null` into type `int` (set DeserializationConfig.DeserializationFeature.FAIL_ON_NULL_FOR_PRIMITIVES to 'false' to allow)]
2026-02-17T15:30:56.663Z DEBUG 30804 --- [tp_spring_boot] [http-nio-8080-exec-10] o.s.web.servlet.DispatcherServlet        : Completed 400 BAD_REQUEST
2026-02-17T15:30:56.665Z DEBUG 30804 --- [tp_spring_boot] [http-nio-8080-exec-10] o.s.web.servlet.DispatcherServlet        : "ERROR" dispatch for GET "/error", parameters={}
2026-02-17T15:30:56.666Z DEBUG 30804 --- [tp_spring_boot] [http-nio-8080-exec-10] s.w.s.m.m.a.RequestMappingHandlerMapping : Mapped to org.springframework.boot.webmvc.autoconfigure.error.BasicErrorController#error(HttpServletRequest)
2026-02-17T15:30:56.667Z DEBUG 30804 --- [tp_spring_boot] [http-nio-8080-exec-10] o.s.w.s.m.m.a.HttpEntityMethodProcessor  : Using 'application/json', given [*/*] and supported [application/json, application/*+json]
2026-02-17T15:30:56.668Z DEBUG 30804 --- [tp_spring_boot] [http-nio-8080-exec-10] o.s.w.s.m.m.a.HttpEntityMethodProcessor  : Writing [{timestamp=Tue Feb 17 15:30:56 UTC 2026, status=400, error=Bad Request, path=/roles}]
2026-02-17T15:30:56.670Z DEBUG 30804 --- [tp_spring_boot] [http-nio-8080-exec-10] o.s.web.servlet.DispatcherServlet        : Exiting from "ERROR" dispatch, status 400
2026-02-17T15:31:52.468Z  INFO 30804 --- [tp_spring_boot] [SpringApplicationShutdownHook] o.s.boot.tomcat.GracefulShutdown         : Commencing graceful shutdown. Waiting for active requests to complete
2026-02-17T15:31:53.128Z  INFO 30804 --- [tp_spring_boot] [tomcat-shutdown] o.s.boot.tomcat.GracefulShutdown         : Graceful shutdown complete
2026-02-17T15:31:53.191Z  INFO 30804 --- [tp_spring_boot] [SpringApplicationShutdownHook] j.LocalContainerEntityManagerFactoryBean : Closing JPA EntityManagerFactory for persistence unit 'default'
2026-02-17T15:31:53.197Z  INFO 30804 --- [tp_spring_boot] [SpringApplicationShutdownHook] com.zaxxer.hikari.HikariDataSource       : HikariPool-1 - Shutdown initiated...
2026-02-17T15:31:53.223Z  INFO 30804 --- [tp_spring_boot] [SpringApplicationShutdownHook] com.zaxxer.hikari.HikariDataSource       : HikariPool-1 - Shutdown completed.
2026-02-17T15:32:16.107Z  INFO 17972 --- [tp_spring_boot] [main] c.g.t.TpSpringBootApplication            : Starting TpSpringBootApplication using Java 17.0.17 with PID 17972 (C:\Users\User\IdeaProjects\tp_spring_boot\target\classes started by User in C:\Users\User\IdeaProjects\tp_spring_boot)
2026-02-17T15:32:16.118Z  INFO 17972 --- [tp_spring_boot] [main] c.g.t.TpSpringBootApplication            : No active profile set, falling back to 1 default profile: "default"
2026-02-17T15:32:18.114Z  INFO 17972 --- [tp_spring_boot] [main] .s.d.r.c.RepositoryConfigurationDelegate : Multiple Spring Data modules found, entering strict repository configuration mode
2026-02-17T15:32:18.120Z  INFO 17972 --- [tp_spring_boot] [main] .s.d.r.c.RepositoryConfigurationDelegate : Bootstrapping Spring Data JPA repositories in DEFAULT mode.
2026-02-17T15:32:18.520Z  INFO 17972 --- [tp_spring_boot] [main] .s.d.r.c.RepositoryConfigurationDelegate : Finished Spring Data repository scanning in 374 ms. Found 3 JPA repository interfaces.
2026-02-17T15:32:18.600Z  INFO 17972 --- [tp_spring_boot] [main] .s.d.r.c.RepositoryConfigurationDelegate : Multiple Spring Data modules found, entering strict repository configuration mode
2026-02-17T15:32:18.603Z  INFO 17972 --- [tp_spring_boot] [main] .s.d.r.c.RepositoryConfigurationDelegate : Bootstrapping Spring Data Redis repositories in DEFAULT mode.
2026-02-17T15:32:18.630Z  INFO 17972 --- [tp_spring_boot] [main] .RepositoryConfigurationExtensionSupport : Spring Data Redis - Could not safely identify store assignment for repository candidate interface com.groupeisi.tp_spring_boot.dao.IAppRolesRepository; If you want this repository to be a Redis repository, consider annotating your entities with one of these annotations: org.springframework.data.redis.core.RedisHash (preferred), or consider extending one of the following types with your repository: org.springframework.data.keyvalue.repository.KeyValueRepository
2026-02-17T15:32:18.631Z  INFO 17972 --- [tp_spring_boot] [main] .RepositoryConfigurationExtensionSupport : Spring Data Redis - Could not safely identify store assignment for repository candidate interface com.groupeisi.tp_spring_boot.dao.IAppUserRepository; If you want this repository to be a Redis repository, consider annotating your entities with one of these annotations: org.springframework.data.redis.core.RedisHash (preferred), or consider extending one of the following types with your repository: org.springframework.data.keyvalue.repository.KeyValueRepository
2026-02-17T15:32:18.632Z  INFO 17972 --- [tp_spring_boot] [main] .RepositoryConfigurationExtensionSupport : Spring Data Redis - Could not safely identify store assignment for repository candidate interface com.groupeisi.tp_spring_boot.dao.IProduitRepository; If you want this repository to be a Redis repository, consider annotating your entities with one of these annotations: org.springframework.data.redis.core.RedisHash (preferred), or consider extending one of the following types with your repository: org.springframework.data.keyvalue.repository.KeyValueRepository
2026-02-17T15:32:18.632Z  INFO 17972 --- [tp_spring_boot] [main] .s.d.r.c.RepositoryConfigurationDelegate : Finished Spring Data repository scanning in 12 ms. Found 0 Redis repository interfaces.
2026-02-17T15:32:20.398Z  INFO 17972 --- [tp_spring_boot] [main] o.s.boot.tomcat.TomcatWebServer          : Tomcat initialized with port 8080 (http)
2026-02-17T15:32:20.426Z  INFO 17972 --- [tp_spring_boot] [main] o.apache.catalina.core.StandardService   : Starting service [Tomcat]
2026-02-17T15:32:20.427Z  INFO 17972 --- [tp_spring_boot] [main] o.apache.catalina.core.StandardEngine    : Starting Servlet engine: [Apache Tomcat/11.0.15]
2026-02-17T15:32:20.584Z  INFO 17972 --- [tp_spring_boot] [main] b.w.c.s.WebApplicationContextInitializer : Root WebApplicationContext: initialization completed in 4342 ms
2026-02-17T15:32:20.898Z DEBUG 17972 --- [tp_spring_boot] [main] o.s.w.f.ServerHttpObservationFilter      : Filter 'webMvcObservationFilter' configured for use
2026-02-17T15:32:21.547Z  INFO 17972 --- [tp_spring_boot] [main] com.zaxxer.hikari.HikariDataSource       : HikariPool-1 - Starting...
2026-02-17T15:32:22.538Z  INFO 17972 --- [tp_spring_boot] [main] com.zaxxer.hikari.pool.HikariPool        : HikariPool-1 - Added connection com.mysql.cj.jdbc.ConnectionImpl@7381d6f0
2026-02-17T15:32:22.542Z  INFO 17972 --- [tp_spring_boot] [main] com.zaxxer.hikari.HikariDataSource       : HikariPool-1 - Start completed.
2026-02-17T15:32:22.650Z  INFO 17972 --- [tp_spring_boot] [main] org.flywaydb.core.FlywayExecutor         : Database: jdbc:mysql://localhost:3306/tp-spring-boot?createDatabaseIfNotExist=true&useUnicode=true&useJDBCCompliantTimezoneShift=true&useLegacyDatetimeCode=false&serverTimezone=UTC (MySQL 8.0)
2026-02-17T15:32:22.909Z  INFO 17972 --- [tp_spring_boot] [main] o.f.core.internal.command.DbValidate     : Successfully validated 1 migration (execution time 00:00.091s)
2026-02-17T15:32:22.968Z  INFO 17972 --- [tp_spring_boot] [main] o.f.core.internal.command.DbMigrate      : Current version of schema `tp-spring-boot`: 1
2026-02-17T15:32:22.980Z  INFO 17972 --- [tp_spring_boot] [main] o.f.core.internal.command.DbMigrate      : Schema `tp-spring-boot` is up to date. No migration necessary.
2026-02-17T15:32:23.193Z  INFO 17972 --- [tp_spring_boot] [main] org.hibernate.orm.jpa                    : HHH008540: Processing PersistenceUnitInfo [name: default]
2026-02-17T15:32:23.379Z  INFO 17972 --- [tp_spring_boot] [main] org.hibernate.orm.core                   : HHH000001: Hibernate ORM core version 7.2.1.Final
2026-02-17T15:32:24.541Z  INFO 17972 --- [tp_spring_boot] [main] o.s.o.j.p.SpringPersistenceUnitInfo      : No LoadTimeWeaver setup: ignoring JPA class transformer
2026-02-17T15:32:24.740Z  WARN 17972 --- [tp_spring_boot] [main] org.hibernate.orm.deprecation            : HHH90000025: MySQLDialect does not need to be specified explicitly using 'hibernate.dialect' (remove the property setting and it will be selected by default)
2026-02-17T15:32:24.772Z  INFO 17972 --- [tp_spring_boot] [main] org.hibernate.orm.connections.pooling    : HHH10001005: Database info:
	Database JDBC URL [jdbc:mysql://localhost:3306/tp-spring-boot?createDatabaseIfNotExist=true&useUnicode=true&useJDBCCompliantTimezoneShift=true&useLegacyDatetimeCode=false&serverTimezone=UTC]
	Database driver: MySQL Connector/J
	Database dialect: MySQLDialect
	Database version: 8.0.45
	Default catalog/schema: tp-spring-boot/undefined
	Autocommit mode: undefined/unknown
	Isolation level: REPEATABLE_READ [default REPEATABLE_READ]
	JDBC fetch size: none
	Pool: DataSourceConnectionProvider
	Minimum pool size: undefined/unknown
	Maximum pool size: undefined/unknown
2026-02-17T15:32:27.175Z  INFO 17972 --- [tp_spring_boot] [main] org.hibernate.orm.core                   : HHH000489: No JTA platform available (set 'hibernate.transaction.jta.platform' to enable JTA platform integration)
2026-02-17T15:32:27.347Z  INFO 17972 --- [tp_spring_boot] [main] j.LocalContainerEntityManagerFactoryBean : Initialized JPA EntityManagerFactory for persistence unit 'default'
2026-02-17T15:32:27.554Z  INFO 17972 --- [tp_spring_boot] [main] o.s.d.j.r.query.QueryEnhancerFactories   : Hibernate is in classpath; If applicable, HQL parser will be used.
2026-02-17T15:32:28.084Z  WARN 17972 --- [tp_spring_boot] [main] JpaBaseConfiguration$JpaWebConfiguration : spring.jpa.open-in-view is enabled by default. Therefore, database queries may be performed during view rendering. Explicitly configure spring.jpa.open-in-view to disable this warning
2026-02-17T15:32:28.202Z  INFO 17972 --- [tp_spring_boot] [main] o.s.v.b.OptionalValidatorFactoryBean     : Failed to set up a Bean Validation provider: jakarta.validation.NoProviderFoundException: Unable to create a Configuration, because no Jakarta Bean Validation provider could be found. Add a provider like Hibernate Validator (RI) to your classpath.
2026-02-17T15:32:28.446Z DEBUG 17972 --- [tp_spring_boot] [main] s.w.s.m.m.a.RequestMappingHandlerMapping : 7 mappings in 'requestMappingHandlerMapping'
2026-02-17T15:32:28.565Z DEBUG 17972 --- [tp_spring_boot] [main] o.s.w.s.handler.SimpleUrlHandlerMapping  : Patterns [/webjars/**, /**] in 'resourceHandlerMapping'
2026-02-17T15:32:28.614Z DEBUG 17972 --- [tp_spring_boot] [main] s.w.s.m.m.a.RequestMappingHandlerAdapter : ControllerAdvice beans: 0 @ModelAttribute, 0 @InitBinder, 2 RequestBodyAdvice, 1 ResponseBodyAdvice
2026-02-17T15:32:28.699Z DEBUG 17972 --- [tp_spring_boot] [main] .m.m.a.ExceptionHandlerExceptionResolver : ControllerAdvice beans: 1 @ExceptionHandler, 1 ResponseBodyAdvice
2026-02-17T15:32:30.866Z  INFO 17972 --- [tp_spring_boot] [main] o.s.b.a.e.web.EndpointLinksResolver      : Exposing 3 endpoints beneath base path '/actuator'
2026-02-17T15:32:31.116Z  INFO 17972 --- [tp_spring_boot] [main] o.s.boot.tomcat.TomcatWebServer          : Tomcat started on port 8080 (http) with context path '/'
2026-02-17T15:32:31.139Z  INFO 17972 --- [tp_spring_boot] [main] c.g.t.TpSpringBootApplication            : Started TpSpringBootApplication in 16.298 seconds (process running for 18.63)
2026-02-17T15:32:31.718Z  INFO 17972 --- [tp_spring_boot] [RMI TCP Connection(1)-100.100.194.82] o.a.c.c.C.[Tomcat].[localhost].[/]       : Initializing Spring DispatcherServlet 'dispatcherServlet'
2026-02-17T15:32:31.719Z  INFO 17972 --- [tp_spring_boot] [RMI TCP Connection(1)-100.100.194.82] o.s.web.servlet.DispatcherServlet        : Initializing Servlet 'dispatcherServlet'
2026-02-17T15:32:31.720Z DEBUG 17972 --- [tp_spring_boot] [RMI TCP Connection(1)-100.100.194.82] o.s.web.servlet.DispatcherServlet        : Detected StandardServletMultipartResolver
2026-02-17T15:32:31.722Z DEBUG 17972 --- [tp_spring_boot] [RMI TCP Connection(1)-100.100.194.82] o.s.web.servlet.DispatcherServlet        : Detected AcceptHeaderLocaleResolver
2026-02-17T15:32:31.727Z DEBUG 17972 --- [tp_spring_boot] [RMI TCP Connection(1)-100.100.194.82] o.s.web.servlet.DispatcherServlet        : Detected org.springframework.web.servlet.view.DefaultRequestToViewNameTranslator@524250ec
2026-02-17T15:32:31.728Z DEBUG 17972 --- [tp_spring_boot] [RMI TCP Connection(1)-100.100.194.82] o.s.web.servlet.DispatcherServlet        : Detected org.springframework.web.servlet.support.SessionFlashMapManager@7441eed3
2026-02-17T15:32:31.729Z DEBUG 17972 --- [tp_spring_boot] [RMI TCP Connection(1)-100.100.194.82] o.s.web.servlet.DispatcherServlet        : enableLoggingRequestDetails='false': request parameters and headers will be masked to prevent unsafe logging of potentially sensitive data
2026-02-17T15:32:31.730Z  INFO 17972 --- [tp_spring_boot] [RMI TCP Connection(1)-100.100.194.82] o.s.web.servlet.DispatcherServlet        : Completed initialization in 9 ms
2026-02-17T15:33:05.421Z DEBUG 17972 --- [tp_spring_boot] [http-nio-8080-exec-2] o.s.web.servlet.DispatcherServlet        : POST "/roles", parameters={}
2026-02-17T15:33:05.440Z DEBUG 17972 --- [tp_spring_boot] [http-nio-8080-exec-2] s.w.s.m.m.a.RequestMappingHandlerMapping : Mapped to com.groupeisi.tp_spring_boot.controller.AppRolesController#createAppRoles(AppRoles)
2026-02-17T15:33:05.632Z DEBUG 17972 --- [tp_spring_boot] [http-nio-8080-exec-2] m.m.a.RequestResponseBodyMethodProcessor : Read "application/json;charset=UTF-8" to [AppRoles(id=null, nom=ADMIN)]
2026-02-17T15:33:05.990Z DEBUG 17972 --- [tp_spring_boot] [http-nio-8080-exec-2] m.m.a.RequestResponseBodyMethodProcessor : Using 'application/json', given [*/*] and supported [application/json, application/*+json]
2026-02-17T15:33:05.992Z DEBUG 17972 --- [tp_spring_boot] [http-nio-8080-exec-2] m.m.a.RequestResponseBodyMethodProcessor : Writing [AppRoles(id=1, nom=ADMIN)]
2026-02-17T15:33:06.023Z DEBUG 17972 --- [tp_spring_boot] [http-nio-8080-exec-2] o.s.web.servlet.DispatcherServlet        : Completed 201 CREATED
2026-02-17T15:33:52.440Z DEBUG 17972 --- [tp_spring_boot] [http-nio-8080-exec-3] o.s.web.servlet.DispatcherServlet        : GET "/roles/1", parameters={}
2026-02-17T15:33:52.441Z DEBUG 17972 --- [tp_spring_boot] [http-nio-8080-exec-3] s.w.s.m.m.a.RequestMappingHandlerMapping : Mapped to com.groupeisi.tp_spring_boot.controller.AppRolesController#getAppRoles(int)
2026-02-17T15:33:52.574Z DEBUG 17972 --- [tp_spring_boot] [http-nio-8080-exec-3] m.m.a.RequestResponseBodyMethodProcessor : Using 'application/json', given [*/*] and supported [application/json, application/*+json]
2026-02-17T15:33:52.574Z DEBUG 17972 --- [tp_spring_boot] [http-nio-8080-exec-3] m.m.a.RequestResponseBodyMethodProcessor : Writing [AppRoles(id=1, nom=ADMIN)]
2026-02-17T15:33:52.579Z DEBUG 17972 --- [tp_spring_boot] [http-nio-8080-exec-3] o.s.web.servlet.DispatcherServlet        : Completed 200 OK
2026-02-17T15:33:58.894Z DEBUG 17972 --- [tp_spring_boot] [http-nio-8080-exec-4] o.s.web.servlet.DispatcherServlet        : GET "/roles", parameters={}
2026-02-17T15:33:58.896Z DEBUG 17972 --- [tp_spring_boot] [http-nio-8080-exec-4] s.w.s.m.m.a.RequestMappingHandlerMapping : Mapped to com.groupeisi.tp_spring_boot.controller.AppRolesController#getAppRoles()
2026-02-17T15:33:59.304Z DEBUG 17972 --- [tp_spring_boot] [http-nio-8080-exec-4] m.m.a.RequestResponseBodyMethodProcessor : Using 'application/json', given [*/*] and supported [application/json, application/*+json]
2026-02-17T15:33:59.304Z DEBUG 17972 --- [tp_spring_boot] [http-nio-8080-exec-4] m.m.a.RequestResponseBodyMethodProcessor : Writing [[AppRoles(id=1, nom=ADMIN)]]
2026-02-17T15:33:59.308Z DEBUG 17972 --- [tp_spring_boot] [http-nio-8080-exec-4] o.s.web.servlet.DispatcherServlet        : Completed 200 OK
2026-02-17T15:34:20.950Z DEBUG 17972 --- [tp_spring_boot] [http-nio-8080-exec-5] o.s.web.servlet.DispatcherServlet        : PUT "/roles/1", parameters={}
2026-02-17T15:34:20.951Z DEBUG 17972 --- [tp_spring_boot] [http-nio-8080-exec-5] s.w.s.m.m.a.RequestMappingHandlerMapping : Mapped to com.groupeisi.tp_spring_boot.controller.AppRolesController#updateAppRoles(int, AppRoles)
2026-02-17T15:34:20.954Z DEBUG 17972 --- [tp_spring_boot] [http-nio-8080-exec-5] m.m.a.RequestResponseBodyMethodProcessor : Read "application/json;charset=UTF-8" to [AppRoles(id=null, nom=SUPER_ADMIN)]
2026-02-17T15:34:21.068Z DEBUG 17972 --- [tp_spring_boot] [http-nio-8080-exec-5] m.m.a.RequestResponseBodyMethodProcessor : Using 'application/json', given [*/*] and supported [application/json, application/*+json]
2026-02-17T15:34:21.068Z DEBUG 17972 --- [tp_spring_boot] [http-nio-8080-exec-5] m.m.a.RequestResponseBodyMethodProcessor : Writing [AppRoles(id=1, nom=SUPER_ADMIN)]
2026-02-17T15:34:21.072Z DEBUG 17972 --- [tp_spring_boot] [http-nio-8080-exec-5] o.s.web.servlet.DispatcherServlet        : Completed 200 OK
2026-02-17T16:10:00.594Z  INFO 17972 --- [tp_spring_boot] [SpringApplicationShutdownHook] o.s.boot.tomcat.GracefulShutdown         : Commencing graceful shutdown. Waiting for active requests to complete
2026-02-17T16:10:00.836Z  INFO 17972 --- [tp_spring_boot] [tomcat-shutdown] o.s.boot.tomcat.GracefulShutdown         : Graceful shutdown complete
2026-02-17T16:10:00.885Z  INFO 17972 --- [tp_spring_boot] [SpringApplicationShutdownHook] j.LocalContainerEntityManagerFactoryBean : Closing JPA EntityManagerFactory for persistence unit 'default'
2026-02-17T16:10:00.957Z  INFO 17972 --- [tp_spring_boot] [SpringApplicationShutdownHook] com.zaxxer.hikari.HikariDataSource       : HikariPool-1 - Shutdown initiated...
2026-02-17T16:10:00.979Z  INFO 17972 --- [tp_spring_boot] [SpringApplicationShutdownHook] com.zaxxer.hikari.HikariDataSource       : HikariPool-1 - Shutdown completed.
2026-02-17T17:52:17.801Z  INFO 34208 --- [tp_spring_boot] [main] c.g.t.TpSpringBootApplication            : Starting TpSpringBootApplication using Java 17.0.17 with PID 34208 (C:\Users\User\IdeaProjects\tp_spring_boot\target\classes started by User in C:\Users\User\IdeaProjects\tp_spring_boot)
2026-02-17T17:52:17.804Z  INFO 34208 --- [tp_spring_boot] [main] c.g.t.TpSpringBootApplication            : No active profile set, falling back to 1 default profile: "default"
2026-02-17T17:52:19.018Z  INFO 34208 --- [tp_spring_boot] [main] .s.d.r.c.RepositoryConfigurationDelegate : Multiple Spring Data modules found, entering strict repository configuration mode
2026-02-17T17:52:19.020Z  INFO 34208 --- [tp_spring_boot] [main] .s.d.r.c.RepositoryConfigurationDelegate : Bootstrapping Spring Data JPA repositories in DEFAULT mode.
2026-02-17T17:52:19.276Z  INFO 34208 --- [tp_spring_boot] [main] .s.d.r.c.RepositoryConfigurationDelegate : Finished Spring Data repository scanning in 242 ms. Found 3 JPA repository interfaces.
2026-02-17T17:52:19.345Z  INFO 34208 --- [tp_spring_boot] [main] .s.d.r.c.RepositoryConfigurationDelegate : Multiple Spring Data modules found, entering strict repository configuration mode
2026-02-17T17:52:19.347Z  INFO 34208 --- [tp_spring_boot] [main] .s.d.r.c.RepositoryConfigurationDelegate : Bootstrapping Spring Data Redis repositories in DEFAULT mode.
2026-02-17T17:52:19.371Z  INFO 34208 --- [tp_spring_boot] [main] .RepositoryConfigurationExtensionSupport : Spring Data Redis - Could not safely identify store assignment for repository candidate interface com.groupeisi.tp_spring_boot.dao.IAppRolesRepository; If you want this repository to be a Redis repository, consider annotating your entities with one of these annotations: org.springframework.data.redis.core.RedisHash (preferred), or consider extending one of the following types with your repository: org.springframework.data.keyvalue.repository.KeyValueRepository
2026-02-17T17:52:19.371Z  INFO 34208 --- [tp_spring_boot] [main] .RepositoryConfigurationExtensionSupport : Spring Data Redis - Could not safely identify store assignment for repository candidate interface com.groupeisi.tp_spring_boot.dao.IAppUserRepository; If you want this repository to be a Redis repository, consider annotating your entities with one of these annotations: org.springframework.data.redis.core.RedisHash (preferred), or consider extending one of the following types with your repository: org.springframework.data.keyvalue.repository.KeyValueRepository
2026-02-17T17:52:19.371Z  INFO 34208 --- [tp_spring_boot] [main] .RepositoryConfigurationExtensionSupport : Spring Data Redis - Could not safely identify store assignment for repository candidate interface com.groupeisi.tp_spring_boot.dao.IProduitRepository; If you want this repository to be a Redis repository, consider annotating your entities with one of these annotations: org.springframework.data.redis.core.RedisHash (preferred), or consider extending one of the following types with your repository: org.springframework.data.keyvalue.repository.KeyValueRepository
2026-02-17T17:52:19.371Z  INFO 34208 --- [tp_spring_boot] [main] .s.d.r.c.RepositoryConfigurationDelegate : Finished Spring Data repository scanning in 6 ms. Found 0 Redis repository interfaces.
2026-02-17T17:52:20.373Z  INFO 34208 --- [tp_spring_boot] [main] o.s.boot.tomcat.TomcatWebServer          : Tomcat initialized with port 8080 (http)
2026-02-17T17:52:20.389Z  INFO 34208 --- [tp_spring_boot] [main] o.apache.catalina.core.StandardService   : Starting service [Tomcat]
2026-02-17T17:52:20.389Z  INFO 34208 --- [tp_spring_boot] [main] o.apache.catalina.core.StandardEngine    : Starting Servlet engine: [Apache Tomcat/11.0.15]
2026-02-17T17:52:20.484Z  INFO 34208 --- [tp_spring_boot] [main] b.w.c.s.WebApplicationContextInitializer : Root WebApplicationContext: initialization completed in 2619 ms
2026-02-17T17:52:20.671Z DEBUG 34208 --- [tp_spring_boot] [main] o.s.w.f.ServerHttpObservationFilter      : Filter 'webMvcObservationFilter' configured for use
2026-02-17T17:52:21.180Z  INFO 34208 --- [tp_spring_boot] [main] com.zaxxer.hikari.HikariDataSource       : HikariPool-1 - Starting...
2026-02-17T17:52:22.327Z  WARN 34208 --- [tp_spring_boot] [main] ConfigServletWebServerApplicationContext : Exception encountered during context initialization - cancelling refresh attempt: org.springframework.beans.factory.BeanCreationException: Error creating bean with name 'entityManagerFactory' defined in class path resource [org/springframework/boot/hibernate/autoconfigure/HibernateJpaConfiguration.class]: Failed to initialize dependency 'flywayInitializer' of LoadTimeWeaverAware bean 'entityManagerFactory': Error creating bean with name 'flywayInitializer' defined in class path resource [org/springframework/boot/flyway/autoconfigure/FlywayAutoConfiguration$FlywayConfiguration.class]: Unable to obtain connection from database: Communications link failure

The last packet sent successfully to the server was 0 milliseconds ago. The driver has not received any packets from the server.
--------------------------------------------------------------------------------------------------------------------------------------------------------------------------------------------------------
SQL State  : 08S01
Error Code : 0
Message    : Communications link failure

The last packet sent successfully to the server was 0 milliseconds ago. The driver has not received any packets from the server.

2026-02-17T17:52:22.334Z  INFO 34208 --- [tp_spring_boot] [main] o.apache.catalina.core.StandardService   : Stopping service [Tomcat]
2026-02-17T17:52:22.353Z  INFO 34208 --- [tp_spring_boot] [main] .s.b.a.l.ConditionEvaluationReportLogger : 

Error starting ApplicationContext. To display the condition evaluation report re-run your application with 'debug' enabled.
2026-02-17T17:52:22.369Z ERROR 34208 --- [tp_spring_boot] [main] o.s.boot.SpringApplication               : Application run failed

org.springframework.beans.factory.BeanCreationException: Error creating bean with name 'entityManagerFactory' defined in class path resource [org/springframework/boot/hibernate/autoconfigure/HibernateJpaConfiguration.class]: Failed to initialize dependency 'flywayInitializer' of LoadTimeWeaverAware bean 'entityManagerFactory': Error creating bean with name 'flywayInitializer' defined in class path resource [org/springframework/boot/flyway/autoconfigure/FlywayAutoConfiguration$FlywayConfiguration.class]: Unable to obtain connection from database: Communications link failure

The last packet sent successfully to the server was 0 milliseconds ago. The driver has not received any packets from the server.
--------------------------------------------------------------------------------------------------------------------------------------------------------------------------------------------------------
SQL State  : 08S01
Error Code : 0
Message    : Communications link failure

The last packet sent successfully to the server was 0 milliseconds ago. The driver has not received any packets from the server.

	at org.springframework.beans.factory.support.AbstractBeanFactory.doGetBean(AbstractBeanFactory.java:322) ~[spring-beans-7.0.3.jar:7.0.3]
	at org.springframework.beans.factory.support.AbstractBeanFactory.getBean(AbstractBeanFactory.java:201) ~[spring-beans-7.0.3.jar:7.0.3]
	at org.springframework.context.support.AbstractApplicationContext.finishBeanFactoryInitialization(AbstractApplicationContext.java:976) ~[spring-context-7.0.3.jar:7.0.3]
	at org.springframework.context.support.AbstractApplicationContext.refresh(AbstractApplicationContext.java:620) ~[spring-context-7.0.3.jar:7.0.3]
	at org.springframework.boot.web.server.servlet.context.ServletWebServerApplicationContext.refresh(ServletWebServerApplicationContext.java:143) ~[spring-boot-web-server-4.0.2.jar:4.0.2]
	at org.springframework.boot.SpringApplication.refresh(SpringApplication.java:756) ~[spring-boot-4.0.2.jar:4.0.2]
	at org.springframework.boot.SpringApplication.refreshContext(SpringApplication.java:445) ~[spring-boot-4.0.2.jar:4.0.2]
	at org.springframework.boot.SpringApplication.run(SpringApplication.java:321) ~[spring-boot-4.0.2.jar:4.0.2]
	at org.springframework.boot.SpringApplication.run(SpringApplication.java:1365) ~[spring-boot-4.0.2.jar:4.0.2]
	at org.springframework.boot.SpringApplication.run(SpringApplication.java:1354) ~[spring-boot-4.0.2.jar:4.0.2]
	at com.groupeisi.tp_spring_boot.TpSpringBootApplication.main(TpSpringBootApplication.java:10) ~[classes/:na]
Caused by: org.springframework.beans.factory.BeanCreationException: Error creating bean with name 'flywayInitializer' defined in class path resource [org/springframework/boot/flyway/autoconfigure/FlywayAutoConfiguration$FlywayConfiguration.class]: Unable to obtain connection from database: Communications link failure

The last packet sent successfully to the server was 0 milliseconds ago. The driver has not received any packets from the server.
--------------------------------------------------------------------------------------------------------------------------------------------------------------------------------------------------------
SQL State  : 08S01
Error Code : 0
Message    : Communications link failure

The last packet sent successfully to the server was 0 milliseconds ago. The driver has not received any packets from the server.

	at org.springframework.beans.factory.support.AbstractAutowireCapableBeanFactory.initializeBean(AbstractAutowireCapableBeanFactory.java:1817) ~[spring-beans-7.0.3.jar:7.0.3]
	at org.springframework.beans.factory.support.AbstractAutowireCapableBeanFactory.doCreateBean(AbstractAutowireCapableBeanFactory.java:603) ~[spring-beans-7.0.3.jar:7.0.3]
	at org.springframework.beans.factory.support.AbstractAutowireCapableBeanFactory.createBean(AbstractAutowireCapableBeanFactory.java:525) ~[spring-beans-7.0.3.jar:7.0.3]
	at org.springframework.beans.factory.support.AbstractBeanFactory.lambda$doGetBean$0(AbstractBeanFactory.java:333) ~[spring-beans-7.0.3.jar:7.0.3]
	at org.springframework.beans.factory.support.DefaultSingletonBeanRegistry.getSingleton(DefaultSingletonBeanRegistry.java:371) ~[spring-beans-7.0.3.jar:7.0.3]
	at org.springframework.beans.factory.support.AbstractBeanFactory.doGetBean(AbstractBeanFactory.java:331) ~[spring-beans-7.0.3.jar:7.0.3]
	at org.springframework.beans.factory.support.AbstractBeanFactory.getBean(AbstractBeanFactory.java:196) ~[spring-beans-7.0.3.jar:7.0.3]
	at org.springframework.beans.factory.support.AbstractBeanFactory.doGetBean(AbstractBeanFactory.java:309) ~[spring-beans-7.0.3.jar:7.0.3]
	... 10 common frames omitted
Caused by: org.flywaydb.core.internal.exception.sqlExceptions.FlywaySqlUnableToConnectToDbException: Unable to obtain connection from database: Communications link failure

The last packet sent successfully to the server was 0 milliseconds ago. The driver has not received any packets from the server.
--------------------------------------------------------------------------------------------------------------------------------------------------------------------------------------------------------
SQL State  : 08S01
Error Code : 0
Message    : Communications link failure

The last packet sent successfully to the server was 0 milliseconds ago. The driver has not received any packets from the server.

	at org.flywaydb.core.internal.jdbc.JdbcUtils.openConnection(JdbcUtils.java:70) ~[flyway-core-11.14.1.jar:na]
	at org.flywaydb.core.internal.jdbc.JdbcConnectionFactory.<init>(JdbcConnectionFactory.java:76) ~[flyway-core-11.14.1.jar:na]
	at org.flywaydb.core.FlywayExecutor.execute(FlywayExecutor.java:142) ~[flyway-core-11.14.1.jar:na]
	at org.flywaydb.core.Flyway.migrate(Flyway.java:186) ~[flyway-core-11.14.1.jar:na]
	at org.springframework.boot.flyway.autoconfigure.FlywayMigrationInitializer.afterPropertiesSet(FlywayMigrationInitializer.java:67) ~[spring-boot-flyway-4.0.2.jar:4.0.2]
	at org.springframework.beans.factory.support.AbstractAutowireCapableBeanFactory.invokeInitMethods(AbstractAutowireCapableBeanFactory.java:1864) ~[spring-beans-7.0.3.jar:7.0.3]
	at org.springframework.beans.factory.support.AbstractAutowireCapableBeanFactory.initializeBean(AbstractAutowireCapableBeanFactory.java:1813) ~[spring-beans-7.0.3.jar:7.0.3]
	... 17 common frames omitted
Caused by: com.mysql.cj.jdbc.exceptions.CommunicationsException: Communications link failure

The last packet sent successfully to the server was 0 milliseconds ago. The driver has not received any packets from the server.
	at com.mysql.cj.jdbc.exceptions.SQLError.createCommunicationsException(SQLError.java:165) ~[mysql-connector-j-9.5.0.jar:9.5.0]
	at com.mysql.cj.jdbc.exceptions.SQLExceptionsMapping.translateException(SQLExceptionsMapping.java:55) ~[mysql-connector-j-9.5.0.jar:9.5.0]
	at com.mysql.cj.jdbc.ConnectionImpl.createNewIO(ConnectionImpl.java:840) ~[mysql-connector-j-9.5.0.jar:9.5.0]
	at com.mysql.cj.jdbc.ConnectionImpl.<init>(ConnectionImpl.java:416) ~[mysql-connector-j-9.5.0.jar:9.5.0]
	at com.mysql.cj.jdbc.ConnectionImpl.getInstance(ConnectionImpl.java:237) ~[mysql-connector-j-9.5.0.jar:9.5.0]
	at com.mysql.cj.jdbc.NonRegisteringDriver.connect(NonRegisteringDriver.java:180) ~[mysql-connector-j-9.5.0.jar:9.5.0]
	at com.zaxxer.hikari.util.DriverDataSource.getConnection(DriverDataSource.java:144) ~[HikariCP-7.0.2.jar:na]
	at com.zaxxer.hikari.pool.PoolBase.newConnection(PoolBase.java:373) ~[HikariCP-7.0.2.jar:na]
	at com.zaxxer.hikari.pool.PoolBase.newPoolEntry(PoolBase.java:210) ~[HikariCP-7.0.2.jar:na]
	at com.zaxxer.hikari.pool.HikariPool.createPoolEntry(HikariPool.java:488) ~[HikariCP-7.0.2.jar:na]
	at com.zaxxer.hikari.pool.HikariPool.checkFailFast(HikariPool.java:576) ~[HikariCP-7.0.2.jar:na]
	at com.zaxxer.hikari.pool.HikariPool.<init>(HikariPool.java:97) ~[HikariCP-7.0.2.jar:na]
	at com.zaxxer.hikari.HikariDataSource.getConnection(HikariDataSource.java:111) ~[HikariCP-7.0.2.jar:na]
	at org.flywaydb.core.internal.jdbc.JdbcUtils.openConnection(JdbcUtils.java:65) ~[flyway-core-11.14.1.jar:na]
	... 23 common frames omitted
Caused by: com.mysql.cj.exceptions.CJCommunicationsException: Communications link failure

The last packet sent successfully to the server was 0 milliseconds ago. The driver has not received any packets from the server.
	at java.base/jdk.internal.reflect.NativeConstructorAccessorImpl.newInstance0(Native Method) ~[na:na]
	at java.base/jdk.internal.reflect.NativeConstructorAccessorImpl.newInstance(NativeConstructorAccessorImpl.java:77) ~[na:na]
	at java.base/jdk.internal.reflect.DelegatingConstructorAccessorImpl.newInstance(DelegatingConstructorAccessorImpl.java:45) ~[na:na]
	at java.base/java.lang.reflect.Constructor.newInstanceWithCaller(Constructor.java:500) ~[na:na]
	at java.base/java.lang.reflect.Constructor.newInstance(Constructor.java:481) ~[na:na]
	at com.mysql.cj.exceptions.ExceptionFactory.createException(ExceptionFactory.java:52) ~[mysql-connector-j-9.5.0.jar:9.5.0]
	at com.mysql.cj.exceptions.ExceptionFactory.createException(ExceptionFactory.java:95) ~[mysql-connector-j-9.5.0.jar:9.5.0]
	at com.mysql.cj.exceptions.ExceptionFactory.createException(ExceptionFactory.java:140) ~[mysql-connector-j-9.5.0.jar:9.5.0]
	at com.mysql.cj.exceptions.ExceptionFactory.createCommunicationsException(ExceptionFactory.java:156) ~[mysql-connector-j-9.5.0.jar:9.5.0]
	at com.mysql.cj.protocol.a.NativeSocketConnection.connect(NativeSocketConnection.java:79) ~[mysql-connector-j-9.5.0.jar:9.5.0]
	at com.mysql.cj.NativeSession.connect(NativeSession.java:142) ~[mysql-connector-j-9.5.0.jar:9.5.0]
	at com.mysql.cj.jdbc.ConnectionImpl.connectOneTryOnly(ConnectionImpl.java:964) ~[mysql-connector-j-9.5.0.jar:9.5.0]
	at com.mysql.cj.jdbc.ConnectionImpl.createNewIO(ConnectionImpl.java:828) ~[mysql-connector-j-9.5.0.jar:9.5.0]
	... 34 common frames omitted
Caused by: java.net.ConnectException: Connection refused: getsockopt
	at java.base/sun.nio.ch.Net.pollConnect(Native Method) ~[na:na]
	at java.base/sun.nio.ch.Net.pollConnectNow(Net.java:672) ~[na:na]
	at java.base/sun.nio.ch.NioSocketImpl.timedFinishConnect(NioSocketImpl.java:547) ~[na:na]
	at java.base/sun.nio.ch.NioSocketImpl.connect(NioSocketImpl.java:602) ~[na:na]
	at java.base/java.net.SocksSocketImpl.connect(SocksSocketImpl.java:327) ~[na:na]
	at java.base/java.net.Socket.connect(Socket.java:633) ~[na:na]
	at com.mysql.cj.protocol.StandardSocketFactory.connect(StandardSocketFactory.java:144) ~[mysql-connector-j-9.5.0.jar:9.5.0]
	at com.mysql.cj.protocol.a.NativeSocketConnection.connect(NativeSocketConnection.java:53) ~[mysql-connector-j-9.5.0.jar:9.5.0]
	... 37 common frames omitted

2026-02-17T17:52:55.928Z  INFO 22084 --- [tp_spring_boot] [main] c.g.t.TpSpringBootApplication            : Starting TpSpringBootApplication using Java 17.0.17 with PID 22084 (C:\Users\User\IdeaProjects\tp_spring_boot\target\classes started by User in C:\Users\User\IdeaProjects\tp_spring_boot)
2026-02-17T17:52:55.933Z  INFO 22084 --- [tp_spring_boot] [main] c.g.t.TpSpringBootApplication            : No active profile set, falling back to 1 default profile: "default"
2026-02-17T17:52:57.103Z  INFO 22084 --- [tp_spring_boot] [main] .s.d.r.c.RepositoryConfigurationDelegate : Multiple Spring Data modules found, entering strict repository configuration mode
2026-02-17T17:52:57.105Z  INFO 22084 --- [tp_spring_boot] [main] .s.d.r.c.RepositoryConfigurationDelegate : Bootstrapping Spring Data JPA repositories in DEFAULT mode.
2026-02-17T17:52:57.283Z  INFO 22084 --- [tp_spring_boot] [main] .s.d.r.c.RepositoryConfigurationDelegate : Finished Spring Data repository scanning in 168 ms. Found 3 JPA repository interfaces.
2026-02-17T17:52:57.357Z  INFO 22084 --- [tp_spring_boot] [main] .s.d.r.c.RepositoryConfigurationDelegate : Multiple Spring Data modules found, entering strict repository configuration mode
2026-02-17T17:52:57.359Z  INFO 22084 --- [tp_spring_boot] [main] .s.d.r.c.RepositoryConfigurationDelegate : Bootstrapping Spring Data Redis repositories in DEFAULT mode.
2026-02-17T17:52:57.379Z  INFO 22084 --- [tp_spring_boot] [main] .RepositoryConfigurationExtensionSupport : Spring Data Redis - Could not safely identify store assignment for repository candidate interface com.groupeisi.tp_spring_boot.dao.IAppRolesRepository; If you want this repository to be a Redis repository, consider annotating your entities with one of these annotations: org.springframework.data.redis.core.RedisHash (preferred), or consider extending one of the following types with your repository: org.springframework.data.keyvalue.repository.KeyValueRepository
2026-02-17T17:52:57.379Z  INFO 22084 --- [tp_spring_boot] [main] .RepositoryConfigurationExtensionSupport : Spring Data Redis - Could not safely identify store assignment for repository candidate interface com.groupeisi.tp_spring_boot.dao.IAppUserRepository; If you want this repository to be a Redis repository, consider annotating your entities with one of these annotations: org.springframework.data.redis.core.RedisHash (preferred), or consider extending one of the following types with your repository: org.springframework.data.keyvalue.repository.KeyValueRepository
2026-02-17T17:52:57.379Z  INFO 22084 --- [tp_spring_boot] [main] .RepositoryConfigurationExtensionSupport : Spring Data Redis - Could not safely identify store assignment for repository candidate interface com.groupeisi.tp_spring_boot.dao.IProduitRepository; If you want this repository to be a Redis repository, consider annotating your entities with one of these annotations: org.springframework.data.redis.core.RedisHash (preferred), or consider extending one of the following types with your repository: org.springframework.data.keyvalue.repository.KeyValueRepository
2026-02-17T17:52:57.380Z  INFO 22084 --- [tp_spring_boot] [main] .s.d.r.c.RepositoryConfigurationDelegate : Finished Spring Data repository scanning in 7 ms. Found 0 Redis repository interfaces.
2026-02-17T17:52:58.237Z  INFO 22084 --- [tp_spring_boot] [main] o.s.boot.tomcat.TomcatWebServer          : Tomcat initialized with port 8080 (http)
2026-02-17T17:52:58.250Z  INFO 22084 --- [tp_spring_boot] [main] o.apache.catalina.core.StandardService   : Starting service [Tomcat]
2026-02-17T17:52:58.250Z  INFO 22084 --- [tp_spring_boot] [main] o.apache.catalina.core.StandardEngine    : Starting Servlet engine: [Apache Tomcat/11.0.15]
2026-02-17T17:52:58.326Z  INFO 22084 --- [tp_spring_boot] [main] b.w.c.s.WebApplicationContextInitializer : Root WebApplicationContext: initialization completed in 2334 ms
2026-02-17T17:52:58.535Z DEBUG 22084 --- [tp_spring_boot] [main] o.s.w.f.ServerHttpObservationFilter      : Filter 'webMvcObservationFilter' configured for use
2026-02-17T17:52:58.930Z  INFO 22084 --- [tp_spring_boot] [main] com.zaxxer.hikari.HikariDataSource       : HikariPool-1 - Starting...
2026-02-17T17:52:59.510Z  INFO 22084 --- [tp_spring_boot] [main] com.zaxxer.hikari.pool.HikariPool        : HikariPool-1 - Added connection com.mysql.cj.jdbc.ConnectionImpl@6f9a3325
2026-02-17T17:52:59.512Z  INFO 22084 --- [tp_spring_boot] [main] com.zaxxer.hikari.HikariDataSource       : HikariPool-1 - Start completed.
2026-02-17T17:52:59.585Z  INFO 22084 --- [tp_spring_boot] [main] org.flywaydb.core.FlywayExecutor         : Database: jdbc:mysql://localhost:3306/tp-spring-boot?createDatabaseIfNotExist=true&useUnicode=true&useJDBCCompliantTimezoneShift=true&useLegacyDatetimeCode=false&serverTimezone=UTC (MySQL 8.0)
2026-02-17T17:52:59.766Z  INFO 22084 --- [tp_spring_boot] [main] o.f.core.internal.command.DbValidate     : Successfully validated 1 migration (execution time 00:00.079s)
2026-02-17T17:52:59.803Z  INFO 22084 --- [tp_spring_boot] [main] o.f.core.internal.command.DbMigrate      : Current version of schema `tp-spring-boot`: 1
2026-02-17T17:52:59.810Z  INFO 22084 --- [tp_spring_boot] [main] o.f.core.internal.command.DbMigrate      : Schema `tp-spring-boot` is up to date. No migration necessary.
2026-02-17T17:52:59.958Z  INFO 22084 --- [tp_spring_boot] [main] org.hibernate.orm.jpa                    : HHH008540: Processing PersistenceUnitInfo [name: default]
2026-02-17T17:53:00.098Z  INFO 22084 --- [tp_spring_boot] [main] org.hibernate.orm.core                   : HHH000001: Hibernate ORM core version 7.2.1.Final
2026-02-17T17:53:00.856Z  INFO 22084 --- [tp_spring_boot] [main] o.s.o.j.p.SpringPersistenceUnitInfo      : No LoadTimeWeaver setup: ignoring JPA class transformer
2026-02-17T17:53:00.982Z  WARN 22084 --- [tp_spring_boot] [main] org.hibernate.orm.deprecation            : HHH90000025: MySQLDialect does not need to be specified explicitly using 'hibernate.dialect' (remove the property setting and it will be selected by default)
2026-02-17T17:53:01.005Z  INFO 22084 --- [tp_spring_boot] [main] org.hibernate.orm.connections.pooling    : HHH10001005: Database info:
	Database JDBC URL [jdbc:mysql://localhost:3306/tp-spring-boot?createDatabaseIfNotExist=true&useUnicode=true&useJDBCCompliantTimezoneShift=true&useLegacyDatetimeCode=false&serverTimezone=UTC]
	Database driver: MySQL Connector/J
	Database dialect: MySQLDialect
	Database version: 8.0.45
	Default catalog/schema: tp-spring-boot/undefined
	Autocommit mode: undefined/unknown
	Isolation level: REPEATABLE_READ [default REPEATABLE_READ]
	JDBC fetch size: none
	Pool: DataSourceConnectionProvider
	Minimum pool size: undefined/unknown
	Maximum pool size: undefined/unknown
2026-02-17T17:53:02.455Z  INFO 22084 --- [tp_spring_boot] [main] org.hibernate.orm.core                   : HHH000489: No JTA platform available (set 'hibernate.transaction.jta.platform' to enable JTA platform integration)
2026-02-17T17:53:02.566Z  INFO 22084 --- [tp_spring_boot] [main] j.LocalContainerEntityManagerFactoryBean : Initialized JPA EntityManagerFactory for persistence unit 'default'
2026-02-17T17:53:02.699Z  INFO 22084 --- [tp_spring_boot] [main] o.s.d.j.r.query.QueryEnhancerFactories   : Hibernate is in classpath; If applicable, HQL parser will be used.
2026-02-17T17:53:03.187Z  WARN 22084 --- [tp_spring_boot] [main] JpaBaseConfiguration$JpaWebConfiguration : spring.jpa.open-in-view is enabled by default. Therefore, database queries may be performed during view rendering. Explicitly configure spring.jpa.open-in-view to disable this warning
2026-02-17T17:53:03.257Z  INFO 22084 --- [tp_spring_boot] [main] o.s.v.b.OptionalValidatorFactoryBean     : Failed to set up a Bean Validation provider: jakarta.validation.NoProviderFoundException: Unable to create a Configuration, because no Jakarta Bean Validation provider could be found. Add a provider like Hibernate Validator (RI) to your classpath.
2026-02-17T17:53:03.437Z DEBUG 22084 --- [tp_spring_boot] [main] s.w.s.m.m.a.RequestMappingHandlerMapping : 17 mappings in 'requestMappingHandlerMapping'
2026-02-17T17:53:03.485Z DEBUG 22084 --- [tp_spring_boot] [main] o.s.w.s.handler.SimpleUrlHandlerMapping  : Patterns [/webjars/**, /**] in 'resourceHandlerMapping'
2026-02-17T17:53:03.533Z DEBUG 22084 --- [tp_spring_boot] [main] s.w.s.m.m.a.RequestMappingHandlerAdapter : ControllerAdvice beans: 0 @ModelAttribute, 0 @InitBinder, 2 RequestBodyAdvice, 1 ResponseBodyAdvice
2026-02-17T17:53:03.609Z DEBUG 22084 --- [tp_spring_boot] [main] .m.m.a.ExceptionHandlerExceptionResolver : ControllerAdvice beans: 1 @ExceptionHandler, 1 ResponseBodyAdvice
2026-02-17T17:53:04.827Z  INFO 22084 --- [tp_spring_boot] [main] o.s.b.a.e.web.EndpointLinksResolver      : Exposing 3 endpoints beneath base path '/actuator'
2026-02-17T17:53:04.945Z  INFO 22084 --- [tp_spring_boot] [main] o.s.boot.tomcat.TomcatWebServer          : Tomcat started on port 8080 (http) with context path '/'
2026-02-17T17:53:04.965Z  INFO 22084 --- [tp_spring_boot] [main] c.g.t.TpSpringBootApplication            : Started TpSpringBootApplication in 9.827 seconds (process running for 10.862)
2026-02-17T17:53:05.715Z  INFO 22084 --- [tp_spring_boot] [RMI TCP Connection(1)-100.100.194.82] o.a.c.c.C.[Tomcat].[localhost].[/]       : Initializing Spring DispatcherServlet 'dispatcherServlet'
2026-02-17T17:53:05.716Z  INFO 22084 --- [tp_spring_boot] [RMI TCP Connection(1)-100.100.194.82] o.s.web.servlet.DispatcherServlet        : Initializing Servlet 'dispatcherServlet'
2026-02-17T17:53:05.717Z DEBUG 22084 --- [tp_spring_boot] [RMI TCP Connection(1)-100.100.194.82] o.s.web.servlet.DispatcherServlet        : Detected StandardServletMultipartResolver
2026-02-17T17:53:05.718Z DEBUG 22084 --- [tp_spring_boot] [RMI TCP Connection(1)-100.100.194.82] o.s.web.servlet.DispatcherServlet        : Detected AcceptHeaderLocaleResolver
2026-02-17T17:53:05.721Z DEBUG 22084 --- [tp_spring_boot] [RMI TCP Connection(1)-100.100.194.82] o.s.web.servlet.DispatcherServlet        : Detected org.springframework.web.servlet.view.DefaultRequestToViewNameTranslator@5a1216b0
2026-02-17T17:53:05.722Z DEBUG 22084 --- [tp_spring_boot] [RMI TCP Connection(1)-100.100.194.82] o.s.web.servlet.DispatcherServlet        : Detected org.springframework.web.servlet.support.SessionFlashMapManager@35ec675e
2026-02-17T17:53:05.723Z DEBUG 22084 --- [tp_spring_boot] [RMI TCP Connection(1)-100.100.194.82] o.s.web.servlet.DispatcherServlet        : enableLoggingRequestDetails='false': request parameters and headers will be masked to prevent unsafe logging of potentially sensitive data
2026-02-17T17:53:05.724Z  INFO 22084 --- [tp_spring_boot] [RMI TCP Connection(1)-100.100.194.82] o.s.web.servlet.DispatcherServlet        : Completed initialization in 6 ms
2026-02-17T17:53:37.233Z  INFO 22084 --- [tp_spring_boot] [SpringApplicationShutdownHook] o.s.boot.tomcat.GracefulShutdown         : Commencing graceful shutdown. Waiting for active requests to complete
2026-02-17T17:53:37.493Z  INFO 22084 --- [tp_spring_boot] [tomcat-shutdown] o.s.boot.tomcat.GracefulShutdown         : Graceful shutdown complete
2026-02-17T17:53:37.555Z  INFO 22084 --- [tp_spring_boot] [SpringApplicationShutdownHook] j.LocalContainerEntityManagerFactoryBean : Closing JPA EntityManagerFactory for persistence unit 'default'
2026-02-17T17:53:37.558Z  INFO 22084 --- [tp_spring_boot] [SpringApplicationShutdownHook] com.zaxxer.hikari.HikariDataSource       : HikariPool-1 - Shutdown initiated...
2026-02-17T17:53:37.575Z  INFO 22084 --- [tp_spring_boot] [SpringApplicationShutdownHook] com.zaxxer.hikari.HikariDataSource       : HikariPool-1 - Shutdown completed.
